Quelle aſſemblée l’Apoſtre Saint Jean nous fait paroiſtre!	Quelle assemblée l’Apôtre Saint Jean nous fait paraître!
Ce grand Prophete nous ouvre le Ciel, & noſtre Foy y découvre ſur la ſainte montagne de Sion, dans la partie la plus élevée de la Jeruſalem bienheureuſe, l’Agneau qui oſte le peché du monde, avec une compagnie digne de luy.	Ce grand Prophète nous ouvre le Ciel, et notre Foi y découvre sur la sainte montagne de Sion, dans la partie la plus élevée de la Jérusalem bienheureuse, l’Agneau qui ôte le péché du monde, avec une compagnie digne de lui.
C’eſt ceux dont il eſt écrit au commencement de l’Apocalypſe:	C’est ceux dont il est écrit au commencement de l’Apocalypse:
Apoc. 8. 4. Il y a dans l’Egliſe de Sardis un petit nombre de Fideles, pauca nomina, qui n'ont pas ſoüillé leurs veſtemens:	Apoc. 8. 4. Il y a dans l’Église de Sardis un petit nombre de Fidèles, pauca nomina, qui n’ont pas souillé leurs vêtements:
ces riches veſtemens dont le Bapteſme les a reveſtus;	ces riches vêtements dont le Baptême les a revêtus;
veſtemens qui ne ſont rien moins que Jeſus-Chriſt meſme, ſelon ce que dit l’Apoſtre:Gal. 3. 27. Vous tous qui avez eſté baptiſez, vous aveZ eſté reveſtus de Jeſus-Chriſt.	vêtements qui ne sont rien moins que Jesus-Christ même, selon ce que dit l’Apôtre: Gal. 3. 27. Vous tous qui avez été baptisés, vous avez été revêtus de Jésus-Christ.
Ce petit nombre cheri de Dieu pour ſon innocence & remarquable par la rareté d’un don ſi exquis, a ſceû conſerver ce précieux veſtement, & la grace du Bapteſme. Et quelle ſera la récompenſe d’une ſi rare fidelité?	Ce petit nombre chéri de Dieu pour son innocence et remarquable par la rareté d’un don si exquis, a su conserver ce précieux vêtement, et la grâce du Baptême. Et quelle sera la récompense d’une si rare fidélité?
Ecoutez parler le Juſte & le Saint:	Écoutez parler le Juste et le Saint:
Apos. 2. 4. Ils marchent, dit-il, avec moy, reveſtus de blanc, parce qu’ils en ſont dignes;	Apos. 2. 4. Ils marchent, dit-il, avec moi, revêtus de blanc, parce qu’ils en sont dignes;
dignes par leur innocence de porter dans l’éternité la livrée de l’Agneau ſans tache, & de marcher toûjours avec luy, puis que jamais ils ne l’ont quitté depuis qu’il les a mis dans ſa compagnie:	dignes par leur innocence de porter dans l’éternité la livrée de l’Agneau sans tache, et de marcher toujours avec lui, puisque jamais ils ne l’ont quitté depuis qu’il les a mis dans sa compagnie:
ames pures & innocentes ; ames vierges Ibid. 14. 4, comme les appelle Saint Jean, au meſme ſens que Saint Paul diſoit à tous les Fideles de Corinthe:	âmes pures et innocentes; âmes vierges Ibid. 14. 4, comme les appelle Saint Jean, au même sens que Saint Paul disait à tous les Fidèles de Corinthe:
2. Cor. 11. 2. Je vous ay promis, comme une vierge pudique, à un ſeul homme, qui eſt Jeſus-Chriſt.	2. Cor. 11. 2. Je vous ai promis, comme une vierge pudique, à un seul homme, qui est Jésus-Christ.
La vraye chaſteté de l'ame, la vraye pudeur chreſtienne eſt de rougir du peché, de n’avoir d’yeux ni d’amour que pour Jeſus-Chriſt, & de tenir toûjours ſes ſens épurez de la corruption du ſiecle.	La vraie chasteté de l’âme, la vraie pudeur chrétienne est de rougir du péché, de n’avoir d’yeux ni d’amour que pour Jésus-Christ, et de tenir toujours ses sens épurés de la corruption du siècle.
C’eſt dans cette troupe innocente & pure que la REINE a eſté placée:	C’est dans cette troupe innocente et pure que la REINE a été placée:
l’horreur qu'elle a toûjours eû du peché luy a merité cét honneur.	l’horreur qu’elle a toujours eue du péché lui a mérité cet honneur.
La Foy qui pénetre juſqu’aux Cieux nous la fait voir aujourd’huy dans cette bienheureuſe compagnie.	La Foi qui pénètre jusqu’aux Cieux nous la fait voir aujourd’hui dans cette bienheureuse compagnie.
Il me ſemble que je reconnois cette modeſtie, cette paix, ce recueïllement que nous luy voyions devant les Autels, qui inſpiroit du reſpect pour Dieu & pour elle:	Il me semble que je reconnais cette modestie, cette paix, ce recueillement que nous lui voyions devant les Autels, qui inspirait du respect pour Dieu et pour elle:
Dieu ajouſte à ces ſaintes diſpoſitions le tranſport d’une joye celeſte.	Dieu ajoute à ces saintes dispositions le transport d’une joie céleste.
La mort ne l’a point changée, ſi ce n’eſt qu’une immortelle beauté à pris la place d’une beauté changeante & mortelle.	La mort ne l’a point changée, si ce n’est qu’une immortelle beauté à pris la place d’une beauté changeante et mortelle.
Cette éclatante blancheur, ſymbole de ſon innocence & de la candeur de ſon ame, n’a fait, pour ainſi parler, que paſſer au dedans où nous la voyons rehauſſée d’une lumiere divine.	Cette éclatante blancheur, symbole de son innocence et de la candeur de son âme, n’a fait, pour ainsi parler, que passer au dedans où nous la voyons rehaussée d’une lumière divine.
Apoc. 3. 4. Elle marche avec l'Agneau, car elle en eſt digne. La ſincerité de ſon cœur ſans diſſimulation & ſans artifice la range au nombre de ceux dont Saint Jean a dit dans les paroles qui précedent celles de mon texte, Ibid. 14.5. que le menſonge ne s'eſt point trouvé en leur bouche, ni aucun déguiſement dans leur conduite:	Apoc. 3. 4. Elle marche avec l’Agneau, car elle en est digne. La sincérité de son cœur sans dissimulation et sans artifice la range au nombre de ceux dont Saint Jean a dit dans les paroles qui précèdent celles de mon texte, Ibid. 14.5. que le mensonge ne s’est point trouvé en leur bouche, ni aucun déguisement dans leur conduite:
ce qui fait qu'on les voit ſans tache devant le thrône de Dieu.	ce qui fait qu’on les voit sans tache devant le trône de Dieu.
Sine macula ſunt enim ante thronum Deï.	Sine macula sunt enim ante thronum Dei.
En effet, elle eſt ſans reproche devant Dieu & devant les hommes:	En effet, elle est sans reproche devant Dieu et devant les hommes:
la médiſance ne peut attaquer aucun endroit de ſa vie depuis ſon enfance juſqu'à ſa mort ; & une gloire ſi pure, une ſi belle réputation eſt un parfum précieux qui rejoûït le Ciel & la terre.	la médisance ne peut attaquer aucun endroit de sa vie depuis son enfance jusqu’à sa mort; et une gloire si pure, une si belle réputation est un parfum précieux qui réjouit le Ciel et la terre.
MONSEIGNEUR, ouvrez les yeux à ce grand ſpectacle.	MONSEIGNEUR, ouvrez les yeux à ce grand spectacle.
Pouvois-je mieux eſſuyer vos larmes, celles des Princes qui vous environnent, & de cette Auguſte Aſſemblée, qu’en vous faiſant voir au milieu de cette troupe reſplendiſſante, & dans cét état glorieux une Mere ſi cherie & ſi regretée?	Pouvais-je mieux essuyer vos larmes, celles des Princes qui vous environnent, et de cette Auguste Assemblée, qu’en vous faisant voir au milieu de cette troupe resplendissante, et dans cet état glorieux une Mère si chérie et si regrettée?
LOUIS meſme, dont la conſtance ne peut vaincre ſes juſtes douleurs, les trouveroit plus traitables dans cette penſée.	LOUIS même, dont la constance ne peut vaincre ses justes douleurs, les trouverait plus traitables dans cette pensée.
Mais ce qui doit eſtre voſtre unique conſolation, doit auſſi, MONSEIGNEUR, eſtre voſtre exemple;	Mais ce qui doit être votre unique consolation, doit aussi, MONSEIGNEUR, être votre exemple;
& ravi de l’éclat immortel d’une vie toûjours ſi reglée, & toûjours ſi irreprochable, vous devez en faire paſſer toute la beauté dans la voſtre.	et ravi de l’éclat immortel d’une vie toujours si réglée, et toujours si irréprochable, vous devez en faire passer toute la beauté dans la vôtre.
Qu'il eſt rare, CHRESTIENS, qu’il eſt rare encore une fois, de trouver cette pureté parmi les hommes! mais ſur tout, qu’il eſt rare de la trouver parmi les Grands!	Qu’il est rare, CHRÉTIENS, qu’il est rare encore une fois, de trouver cette pureté parmi les hommes! mais surtout, qu’il est rare de la trouver parmi les Grands!
Apoc. 7. 13. 14. Ceux que vous voyez reveſtus d’une robe blanche, ceux-là, dit Saint Jean, viennent d’une grande affliction, de tribulatione magna;	Apoc. 7. 13. 14. Ceux que vous voyez revêtus d’une robe blanche, ceux-là, dit Saint Jean, viennent d’une grande affliction, de tribulatione magna;
afin que nous entendions que cette divine blancheur ſe forme ordinairement ſous la croix, & rarement dans l’éclat trop plein de tentation, des grandeurs humaines.	afin que nous entendions que cette divine blancheur se forme ordinairement sous la croix, et rarement dans l’éclat trop plein de tentation, des grandeurs humaines.
Et toutefois il eſt vray, MESSIEURS, que Dieu, par un miracle de ſa Grace, ſe plaiſt à choiſir parmi les Rois, de ces ames pures.	Et toutefois il est vrai, MESSIEURS, que Dieu, par un miracle de sa Grâce, se plaît à choisir parmi les Rois, de ces âmes pures.
Tel a eſté Saint Louïs, toûjours pur & toûjours ſaint dés ſon enfance, & MARIE TERESE ſa fille a eû de luy ce bel héritage.	Tel a été Saint Louis, toujours pur et toujours saint dès son enfance, et MARIE-THÉRÈSE sa fille a eu de lui ce bel héritage.
Entrons, MESSIEURS, dans les deſſeins de la Providence, & admirons les bontez de Dieu qui ſe répandent ſur nous & ſur tous les peuples dans la prédeſtination de cette Princeſſe.	Entrons, MESSIEURS, dans les desseins de la Providence, et admirons les bontés de Dieu qui se répandent sur nous et sur tous les peuples dans la prédestination de cette Princesse.
Dieu l’a élevée au faiſte des grandeurs humaines, afin de rendre la pureté & la perpetuelle régularité de ſa vie plus éclatante & plus exemplaire.	Dieu l’a élevée au faîte des grandeurs humaines, afin de rendre la pureté et la perpétuelle régularité de sa vie plus éclatante et plus exemplaire.
Ainſi ſa vie & ſa mort également pleines de ſainteté & de grace, deviennent l’inſtruction du genre humain.	Ainsi sa vie et sa mort également pleines de sainteté et de grâce, deviennent l’instruction du genre humain.
Noſtre ſiecle n’en pouvoit recevoir de plus parfaite, parce qu’il ne voyoit nulle part dans une ſi haute élevation une pareille pureté.	Notre siècle n’en pouvait recevoir de plus parfaite, parce qu’il ne voyait nulle part dans une si haute élévation une pareille pureté.
C’eſt ce rare & merveilleux aſſemblage que nous aurons à conſiderer dans les deux parties de ce diſcours.	C’est ce rare et merveilleux assemblage que nous aurons à considérer dans les deux parties de ce discours.
Voicy en peu de mots ce que j'ay à dire de la plus pieuſe des Reines, & tel eſt le digne abregé de ſon éloge:	Voici en peu de mots ce que j’ai à dire de la plus pieuse des Reines, et tel est le digne abrégé de son éloge:
Il n’y a rien que d’auguſte dans ſa perſonne, il n’y a rien que de pur dans ſa vie.	Il n’y a rien que d’auguste dans sa personne, il n’y a rien que de pur dans sa vie.
Accourez peuples:	Accourez peuples:
venez contempler dans la premiere place du monde la rare & majeſtueuſe beauté d’une vertu toûjours conſtante: Dans une vie ſi égale, il n’importe pas à cette Princeſſe où la mort frape;	venez contempler dans la première place du monde la rare et majestueuse beauté d’une vertu toujours constante: Dans une vie si égale, il n’importe pas à cette Princesse où la mort frappe;
on n’y voit point d’endroit foible par où elle puſt craindre d’eſtre ſurpriſe:	on n’y voit point d’endroit faible par où elle pût craindre d’être surprise:
toûjours vigilante, toûjours attentive à Dieu & à ſon ſalut, ſa mort ſi précipitée & ſi effroyable pour nous, n’avoit rien de dangereux pour elle.	toujours vigilante, toujours attentive à Dieu et à son salut, sa mort si précipitée et si effroyable pour nous, n’avait rien de dangereux pour elle.
Ainſi ſon élevation ne ſervira qu’à faire voir à tout l’Univers, comme du lieu le plus éminent qu’on découvre dans ſon enceinte, cette importante verité: qu’il n’y a rien de ſolide ni de vrayment grand parmi les hommes que d’éviter le peché, & que la ſeule précaution contre les attaques de la mort, c’eſt l’innocence de la vie.	Ainsi son élévation ne servira qu’à faire voir à tout l’Univers, comme du lieu le plus éminent qu’on découvre dans son enceinte, cette importante vérité: qu’il n’y a rien de solide ni de vraiment grand parmi les hommes que d’éviter le péché, et que la seule précaution contre les attaques de la mort, c’est l’innocence de la vie.
C’eſt, MESSIEURS, l’inſtruction que nous donne dans ce tombeau, ou pluſtoſt du plus haut des Cieux, TRESHAUTE, TRES-EXCELLENTE, TRES-PUISSANTE, ET TRES- CHRESTIENNE PRINCESSE MARIE TERESE D’AUSTRICHE, INFANTE D’ESPAGNE, REINE DE FRANCE ET DE NAVARRE.	C’est, MESSIEURS, l’instruction que nous donne dans ce tombeau, ou plutôt du plus haut des Cieux, TRES HAUTE, TRES EXCELLENTE, TRES PUISSANTE, ET TRES CHRÉTIENNE PRINCESSE MARIE-THÉRÈSE D’AUTRICHE, INFANTE D’ESPAGNE, REINE DE FRANCE ET DE NAVARRE.
JE n'ay pas beſoin de vous dire que c’eſt Dieu qui donne les grandes naiſſances, les grands mariages, les enfans, la poſterité. C’eſt luy qui dit à Abraham: Gen. 17. 6. Les Rois ſortiront de vous, & qui fait dire par ſon Prophete à David:	JE n’ai pas besoin de vous dire que c’est Dieu qui donne les grandes naissances, les grands mariages, les enfants, la postérité. C’est lui qui dit à Abraham: Gen. 17. 6. Les Rois sortiront de vous, et qui fait dire par son Prophète à David:
2. Reg. 7. 2. Le Seigneur Act. 17. 24. 26. vous fera une maiſon. Dieu qui d'un ſeul homme à voulu former tout le genre humain, comme dit Saint Paul, & de cette ſource commune le répandre ſur toute la face de la terre en a veû & prédeſtiné dés l’éternité les alliances & les diviſions, marquant les temps, pourſuit-il, & donnant des bornes à la demeure des peuples, & enfin un cours reglé à toutes ces choſes.	2. Reg. 7. 2. Le Seigneur Act. 17. 24. 26. vous fera une maison. Dieu qui d’un seul homme à voulu former tout le genre humain, comme dit Saint Paul, et de cette source commune le répandre sur toute la face de la terre en a vu et prédestiné dès l’éternité les alliances et les divisions, marquant les temps, poursuit-il, et donnant des bornes à la demeure des peuples, et enfin un cours réglé à toutes ces choses.
C’eſt donc Dieu qui a voulu élever la Reine par une auguſte naiſſance à un auguſte mariage, afin que nous la viſſions honorée au deſſus de toutes les femmes de ſon ſiecle, pour avoir eſté cherie, eſtimée, & trop toſt, helas, regretée par le plus grand de tous les hommes!	C’est donc Dieu qui a voulu élever la Reine par une auguste naissance à un auguste mariage, afin que nous la vissions honorée au dessus de toutes les femmes de son siècle, pour avoir été chérie, estimée, et trop tôt, hélas, regrettée par le plus grand de tous les hommes!
Que je mépriſe ces Philoſophes, qui meſurant les conſeils de Dieu à leurs penſées ne le font auteur que d’un certain ordre général d’où le reſte ſe dévelope comme il peut!	Que je méprise ces Philosophes, qui mesurant les conseils de Dieu à leurs pensées ne le font auteur que d’un certain ordre général d’où le reste se développe comme il peut!
Comme s’il avoit à noſtre maniere des veûës générales & confuſes, & comme, ſi la ſouveraine Intelligence pouvoit ne pas comprendre dans ſes deſſeins les choſes particulieres qui ſeules ſubſiſtent veritablement.	Comme s’il avait à notre manière des vues générales et confuses, et comme, si la souveraine Intelligence pouvait ne pas comprendre dans ses desseins les choses particulières qui seules subsistent véritablement.
N’en doutons pas, CHRESTIENS:	N’en doutons pas, CHRÉTIENS:
Dieu a préparé dans ſon conſeil éternel les premieres familles qui ſont la ſource des nations, & dans toutes les nations les qualitez dominantes qui en devoient faire la fortune.	Dieu a préparé dans son conseil éternel les premières familles qui sont la source des nations, et dans toutes les nations les qualités dominantes qui en devaient faire la fortune.
Il a auſſi ordonné dans les nations les familles particulieres dont elles ſont compoſées, mais principalement celles qui devoient gouverner ces nations, & en particulier dans ces familles tous les hommes par leſquels elles devoient ou s’élever, ou ſe ſouſtenir, ou s’abbatre.	Il a aussi ordonné dans les nations les familles particulières dont elles sont composées, mais principalement celles qui devaient gouverner ces nations, et en particulier dans ces familles tous les hommes par lesquels elles devaient ou s’élever, ou se soutenir, ou s’abattre.
C’eſt par la ſuite de ces conſeils que Dieu a fait naiſtre les deux puiſſantes Maiſons d’où la Reine devoit ſortir, celle de France & celle d’Auſtriche, dont il ſe ſert pour balancer les choſes humaines: juſqu'à quel degré & juſqu’à quel temps, il le ſçait, & nous l’ignorons.	C’est par la suite de ces conseils que Dieu a fait naître les deux puissantes Maisons d’où la Reine devait sortir, celle de France et celle d’Autriche, dont il se sert pour balancer les choses humaines: jusqu’à quel degré et jusqu’à quel temps, il le sait, et nous l’ignorons.
On remarque dans l’Ecriture que Dieu donne aux Maiſons Royales certains caracteres propres, comme celuy que les Syriens, quoy qu’ennemis des Rois d’Iſraël, leur attribuent par ces paroles:	On remarque dans l’Écriture que Dieu donne aux Maisons Royales certains caractères propres, comme celui que les Syriens, quoi qu’ennemis des Rois d’Israel, leur attribuent par ces paroles:
3. Reg. 20. 31. Nous avons appris que les Rois de la Maiſon d'Iſraël ſont clemens.	3. Reg. 20. 31. Nous avons appris que les Rois de la Maison d’Israël sont cléments.
Je n’examineray pas les caracteres particuliers qu’on a donnez aux Maiſons de France & d’Auſtriche:	Je n’examinerai pas les caractères particuliers qu’on a donnés aux Maisons de France et d’Autriche:
& ſans dire que l’on redoutoit davantage les conſeils de celle d’Auſtriche, ni qu’on trouvoit quelque choſe de plus vigoureux dans les armes & dans le courage de celle de France, maintenant que par une grâce particuliere ces deux caracteres ſe réüniſſent viſiblement en noſtre faveur, je remarqueray ſeulement ce qui faiſoit la joye de la Reine, c’eſt que Dieu avoit donné à ces deux Maiſons d’où elle eſt ſortie la pieté en partage;	et sans dire que l’on redoutait davantage les conseils de celle d’Autriche, ni qu’on trouvait quelque chose de plus vigoureux dans les armes et dans le courage de celle de France, maintenant que par une grâce particulière ces deux caractères se réunissent visiblement en notre faveur, je remarquerai seulement ce qui faisait la joie de la Reine, c’est que Dieu avait donné à ces deux Maisons d’où elle est sortie la piété en partage;
de ſorte que ſanctifiée, qu’on m’entende bien, c’eſt-à-dire conſacrée à la ſainteté par ſa naiſſance ſelon la doctrine de Saint Paul, 1. Cor. 8. 14. elle diſoit avec cét Apoſtre:	de sorte que sanctifiée, qu’on m’entende bien, c’est-à-dire consacrée à la sainteté par sa naissance selon la doctrine de Saint Paul, 1. Cor. 8. 14. elle disait avec cet Apôtre:
2. Tim. 1.3. Dieu, que ma famille a toûjours ſervi, & à qui je ſuis dédiée par mes Anceſtres. Deus cui ſervio à progenitoribus.	2. Tim. 1.3. Dieu, que ma famille a toujours servi, et à qui je suis dédiée par mes Ancêtres. Deus cui servio à progenitoribus.
Que s’il faut venir au particulier de l’auguſte Maiſon d’Auſtriche, que peuton voir de plus illuſtre que ſa deſcendance immediate, où durant l'eſpace de quatre cens ans on ne trouve que des Rois & des Empereurs, & une ſi grande affluence de Maiſons Royales, avec tant d’Etats & tant de Royaumes, qu’on a préveû il y a long-temps qu’elle en ſeroit ſurchargée?	Que s’il faut venir au particulier de l’auguste Maison d’Autriche, que peut-on voir de plus illustre que sa descendance immédiate, où durant l’espace de quatre cents ans on ne trouve que des Rois et des Empereurs, et une si grande affluence de Maisons Royales, avec tant d’États et tant de Royaumes, qu’on a prévu il y a longtemps qu’elle en serait surchargée?
Qu’eſt-il beſoin de parler de la Tres- Chreſtienne Maiſon de France, qui par ſa noble conſtitution eſt incapable d’eſtre aſſujetie à une famille étrangere:	Qu’est-il besoin de parler de la Très-Chrétienne Maison de France, qui par sa noble constitution est incapable d’être assujettie à une famille étrangère:
qui eſt toûjours dominante dans ſon Chef:	qui est toujours dominante dans son Chef:
qui ſeule dans tout l’Univers & dans tous les ſiecles ſe voit aprés ſept cens ans d’une Royauté établie (ſans compter ce que la grandeur d’une ſi haute origine fait trouver ou imaginer aux curieux obſervateurs des antiquitez) ſeule, dis-je, ſe voit aprés tant de ſiecles encore dans ſa force & dans ſa fleur, & toûjours en poſſeſſion du Royaume le plus illuſtre qui fut jamais ſous le ſoleil, & devant Dieu & devant les hommes:	qui seule dans tout l’Univers et dans tous les siècles se voit après sept cents ans d’une Royauté établie (sans compter ce que la grandeur d’une si haute origine fait trouver ou imaginer aux curieux observateurs des antiquités) seule, dis-je, se voit après tant de siècles encore dans sa force et dans sa fleur, et toujours en possession du Royaume le plus illustre qui fut jamais sous le soleil, et devant Dieu et devant les hommes:
devant Dieu, d’une pureté inalterable dans la Foy;	devant Dieu, d’une pureté inaltérable dans la Foi;
& devant les hommes, d’une ſi grande dignité, qu’il a pû perdre l’Empire ſans perdre ſa gloire ni ſon rang?	et devant les hommes, d’une si grande dignité, qu’il a pu perdre l’Empire sans perdre sa gloire ni son rang?
La Reine a eû part à cette Grandeur, non ſeulement par la riche & fiere Maiſon de Bourgogne, mais encore par Iſabelle de France ſa mere, digne fille de Henri le Grand, & de l’aveu de l’Eſpagne, la meilleure Reine, comme la plus regretée, qu’elle euſt jamais veüë ſur le thrône: triſte rapport de cette Princeſſe avec la Reine ſa fille.	La Reine a eu part à cette Grandeur, non seulement par la riche et fière Maison de Bourgogne, mais encore par Isabelle de France sa mère, digne fille de Henri le Grand, et de l’aveu de l’Espagne, la meilleure Reine, comme la plus regrettée, qu’elle eût jamais vue sur le trône: triste rapport de cette Princesse avec la Reine sa fille.
Elle avoit à peine quarantedeux ans quand l’Eſpagne la pleura;	Elle avait à peine quarante-deux ans quand l’Espagne la pleura;
& pour noſtre malheur la vie de MARIE TERESE n’a guéres eû un plus long cours.	et pour notre malheur la vie de MARIE-THÉRÈSE n’a guère eu un plus long cours.
Mais la ſage, la courageuſe & la pieuſe Iſabelle devoit une partie de ſa gloire aux malheurs de l’Eſpagne, dont on ſçait qu’elle trouva le remede par un zele & par des conſeils qui ranimerent les Grands & les peuples, &, ſi on le peut dire, le Roy meſme. Ne nous plaignons pas, CHRESTIENS, de ce que la Reine ſa fille dans un état plus tranquille donne auſſi un ſujet moins vif à nos diſcours, & contentons-nous de penſer que dans des occaſions auſſi malheureuſes dont Dieu nous a préſervez, nous y euſſions pû trouver les meſmes reſſources.	Mais la sage, la courageuse et la pieuse Isabelle devait une partie de sa gloire aux malheurs de l’Espagne, dont on sait qu’elle trouva le remède par un zèle et par des conseils qui ranimèrent les Grands et les peuples, et, si on le peut dire, le Roi même. Ne nous plaignons pas, CHRÉTIENS, de ce que la Reine sa fille dans un état plus tranquille donne aussi un sujet moins vif à nos discours, et contentons-nous de penser que dans des occasions aussi malheureuses dont Dieu nous a préservés, nous y eussions pu trouver les mêmes ressources.
Avec quelle application & quelle tendreſſe Philippe IV. ſon pere ne l'avoit-il pas élevée?	Avec quelle application et quelle tendresse Philippe IV son père ne l’avait-il pas élevée?
On la regardoit en Eſpagne non pas comme une Infante, mais comme un Infant;	On la regardait en Espagne non pas comme une Infante, mais comme un Infant;
car c’eſt ainſi qu’on y appelle la Princeſſe qu’on reconnoiſt comme héritiere de tant de Royaumes.	car c’est ainsi qu’on y appelle la Princesse qu’on reconnaît comme héritière de tant de Royaumes.
Dans cette veûë on approcha d’elle tout ce que l’Eſpagne avoit de plus vertueux & de plus habile.	Dans cette vue on approcha d’elle tout ce que l’Espagne avait de plus vertueux et de plus habile.
Elle ſe vit, pour ainſi parler, dés ſon enfance toute environnée de vertus;	Elle se vit, pour ainsi parler, dès son enfance toute environnée de vertus;
& on voyoit paroiſtre en cette jeune Princeſſe plus de belles qualitez qu'elle n’attendoit de couronnes.	et on voyait paraître en cette jeune Princesse plus de belles qualités qu’elle n’attendait de couronnes.
Philippe l’éleve ainſi pour ſes Eſtats:	Philippe l’élève ainsi pour ses États:
Dieu qui nous aime la deſtine à LOUIS.	Dieu qui nous aime la destine à LOUIS.
Ceſſez, Princes & Potentats, de troubler par vos prétentions le projet de ce Mariage. Que l’Amour qui ſemble auſſi le vouloir troubler, cede luy-meſme.	Cessez, Princes et Potentats, de troubler par vos prétentions le projet de ce Mariage. Que l’Amour qui semble aussi le vouloir troubler, cède lui-même.
L’Amour peut bien remuer le cœur des Heros du monde;	L’Amour peut bien remuer le cœur des Héros du monde;
il peut bien y ſoulever des tempeſtes & y exciter des mouvemens qui faſſent trembler les Politiques, & qui donnent des eſperances aux inſenſez:	il peut bien y soulever des tempêtes et y exciter des mouvements qui fassent trembler les Politiques, et qui donnent des espérances aux insensés:
mais il y a des ames d’un ordre ſuperieur à ſes loix, à qui il ne peut inſpirer des ſentimens indignes de leur rang.	mais il y a des âmes d’un ordre supérieur à ses lois, à qui il ne peut inspirer des sentiments indignes de leur rang.
Il y a des meſures priſes dans le Ciel qu’il ne peut rompre;	Il y a des mesures prises dans le Ciel qu’il ne peut rompre;
& l’Infante non-ſeulement par ſon auguſte naiſſance, mais encore par ſa vertu & par ſa réputation eſt ſeule digne de LOUIS.	et l’Infante non seulement par son auguste naissance, mais encore par sa vertu et par sa réputation est seule digne de LOUIS.
C’eſtoit Prov. 19. 14. la femme prudente qui eſt donnée proprement par le Seigneur, comme dit le Sage.	C’était Prov. 19. 14. la femme prudente qui est donnée proprement par le Seigneur, comme dit le Sage.
Pourquoy donnée proprement par le Seigneur, puis que c’eſt le Seigneur qui donne tout;	Pourquoi donnée proprement par le Seigneur, puisque c’est le Seigneur qui donne tout;
& quel eſt ce merveilleux avantage qui merite d’eſtre attribué d’une façon ſi particuliere à la divine bonté?	et quel est ce merveilleux avantage qui mérite d’être attribué d’une façon si particulière à la divine bonté?
Il ne faut pour l’entendre que conſiderer ce que peut dans les Maiſons la prudence temperée d’une femme ſage pour les ſouſtenir, pour y faire fleurir dans la pieté la veritable ſageſſe, & pour calmer des paſſions violentes qu’une réſiſtance emportée ne feroit qu’aigrir.	Il ne faut pour l’entendre que considérer ce que peut dans les Maisons la prudence tempérée d’une femme sage pour les soutenir, pour y faire fleurir dans la piété la véritable sagesse, et pour calmer des passions violentes qu’une résistance emportée ne ferait qu’aigrir.
Iſle pacifique où ſe doivent terminer les differends de deux grands Empires à qui tu ſers de limites:	Île pacifique où se doivent terminer les différents de deux grands Empires à qui tu sers de limites:
Iſle éternellement mémorable par les Conferences de deux grands Miniſtres;	Île éternellement mémorable par les Conférences de deux grands Ministres;
où l’on vit déveloper toutes les adreſſes & tous les ſecrets d’une politique ſi differente;	où l’on vit développer toutes les adresses et tous les secrets d’une politique si différente;
où l’un ſe donnoit du poids par ſa lenteur, & l’autre prenoit l’aſcendant par ſa pénétration:	où l’un se donnait du poids par sa lenteur, et l’autre prenait l’ascendant par sa pénétration:
auguſte Journée où deux fieres nations longtemps ennemies, & alors réconciliées par MARIE TERESE s’avancent ſur leurs confins, leurs Rois à leur teſte, non plus pour ſe combatre, mais pour s’embraſſer;	auguste Journée où deux fières nations longtemps ennemies, et alors réconciliées par MARIE-THÉRÈSE s’avancent sur leurs confins, leurs Rois à leur tête, non plus pour se combattre, mais pour s’embrasser;
où ces deux Rois avec leur Cour d’une grandeur, d’une politeſſe, & d’une magnificence auſſi-bien que d’une conduite ſi differente, furent l’un à l'autre & à tout l’Univers un ſi grand ſpectacle: Feſtes ſacrées, Mariage fortuné, Voile nuptial, Benediction, Sacrifice, puis-je meſler aujourd’huy vos céremonies & vos pompes avec ces pompes funebres, & le comble des grandeurs avec leurs ruines?	où ces deux Rois avec leur Cour d’une grandeur, d’une politesse, et d’une magnificence aussi bien que d’une conduite si différente, furent l’un à l’autre et à tout l’Univers un si grand spectacle: Fêtes sacrées, Mariage fortuné, Voile nuptial, Bénédiction, Sacrifice, puis-je mêler aujourd’hui vos cérémonies et vos pompes avec ces pompes funèbres, et le comble des grandeurs avec leurs ruines?
Alors l’Eſpagne perdit ce que nous gagnions:	Alors l’Espagne perdit ce que nous gagnions:
maintenant nous perdons tout les uns & les autres;	maintenant nous perdons tout les uns et les autres;
& MARIE TERESE perit pour toute la terre.	et MARIE-THÉRÈSE périt pour toute la terre.
L’Eſpagne pleuroit ſeule:	L’Espagne pleurait seule:
maintenant que la France & l’Eſpagne meſlent leurs larmes, & en verſent des torrens, qui pourroit les arreſter? Mais ſi l’Eſpagne pleuroit ſon Infante qu’elle voyoit monter ſur le thrône le plus glorieux de l’Univers, quels ſeront nos gemiſſemens à la veûë de ce tombeau, où tous enſemble nous ne voyons plus que l’inévitable néant des grandeurs humaines?	maintenant que la France et l’Espagne mêlent leurs larmes, et en versent des torrents, qui pourrait les arrêter? Mais si l’Espagne pleurait son Infante qu’elle voyait monter sur le trône le plus glorieux de l’Univers, quels seront nos gémissements à la vue de ce tombeau, où tous ensemble nous ne voyons plus que l’inévitable néant des grandeurs humaines?
Taiſons-nous:	Taisons-nous:
ce n'eſt pas des larmes que je veux tirer de vos yeux.	ce n’est pas des larmes que je veux tirer de vos yeux.
Je poſe les fondemens des inſtructions que je veux graver dans vos cœurs:	Je pose les fondements des instructions que je veux graver dans vos cœurs:
auſſi- bien la vanité des choſes humaines tant de fois étalée dans cette chaire, ne ſe montre que trop d’elle-meſme ſans le ſecours de ma voix, dans ce Sceptre ſitoſt tombé d’une ſi royale main, & dans une ſi haute Majeſté ſi promptement diſſipée.	aussi-bien la vanité des choses humaines tant de fois étalée dans cette chaire, ne se montre que trop d’elle-même sans le secours de ma voix, dans ce Sceptre sitôt tombé d’une si royale main, et dans une si haute Majesté si promptement dissipée.
Mais ce qui en faiſoit le plus grand éclat n’a pas encore paru.	Mais ce qui en faisait le plus grand éclat n’a pas encore paru.
Une Reine ſi grande par tant de titres, le devenoit tous les jours par les grandes actions du Roy & par le continuel accroiſſement de ſa gloire. Sous luy la France a appris à ſe connoiſtre.	Une Reine si grande par tant de titres, le devenait tous les jours par les grandes actions du Roi et par le continuel accroissement de sa gloire. Sous lui la France a appris à se connaître.
Elle ſe trouve des forces que les ſiecles précedens ne ſçavoient pas:	Elle se trouve des forces que les siècles précédents ne savaient pas:
l’ordre & la diſcipline militaire s’augmentent avec les armées.	l’ordre et la discipline militaire s’augmentent avec les armées.
Si les François peuvent tout, c’eſt que leur Roy eſt par tout leur Capitaine;	Si les Français peuvent tout, c’est que leur Roi est partout leur Capitaine;
& aprés qu’il a choiſi l’endroit principal qu’il doit animer par ſa valeur, il agit de tous coſtez par l’impreſſion de ſa vertu.	et après qu’il a choisi l’endroit principal qu’il doit animer par sa valeur, il agit de tous côtés par l’impression de sa vertu.
Jamais on n’a fait la guerre avec une force plus inévitable, puis qu’en mépriſant les ſaiſons, il a oſté juſqu'à la défenſe à ſes ennemis.	Jamais on n’a fait la guerre avec une force plus inévitable, puisqu’en méprisant les saisons, il a ôté jusqu’à la défense à ses ennemis.
Les ſoldats ménagez & expoſez quand il faut, marchent avec confiance ſous ſes étendarts:	Les soldats ménagés et exposés quand il faut, marchent avec confiance sous ses étendards:
nul fleuve ne les arreſte, nulle fortereſſe ne les effraye.	nul fleuve ne les arrête, nulle forteresse ne les effraie.
On ſçait que LOUIS foudroye les villes plûtoſt qu’il ne les aſſiege, & tout eſt ouvert à ſa puiſſance.	On sait que LOUIS foudroie les villes plutôt qu’il ne les assiège, et tout est ouvert à sa puissance.
Les Politiques ne ſe meſlent plus de deviner ſes deſſeins.	Les Politiques ne se mêlent plus de deviner ses desseins.
Quand il marche, tout ſe croit également menacé:	Quand il marche, tout se croit également menacé:
un voyage tranquille devient tout-à-coup une expedition redoutable à ſes ennemis.	un voyage tranquille devient tout à coup une expédition redoutable à ses ennemis.
Gand tombe avant qu’on penſe à le munir: LOUIS y vient par de longs détours;	Gand tombe avant qu’on pense à le munir: LOUIS y vient par de longs détours;
& la Reine qui l’accompagne au cœur de l’hyver, joint au plaiſir de le ſuivre celuy de ſervir ſecrettement à ſes deſſeins.	et la Reine qui l’accompagne au cœur de l’hiver, joint au plaisir de le suivre celui de servir secrètement à ses desseins.
Par les ſoins d’un ſi grand Roy, la France entiere n’eſt plus, pour ainſi parler, qu’une ſeule fortereſſe qui montre de tous coſtez un front redoutable.	Par les soins d’un si grand Roi, la France entière n’est plus, pour ainsi parler, qu’une seule forteresse qui montre de tous côtés un front redoutable.
Couverte de toutes parts, elle eſt capable de tenir la paix avec ſeûreté dans ſon ſein, mais auſſi de porter la guerre par tout où il faut, & de fraper de prés & de loin avec une égale force.	Couverte de toutes parts, elle est capable de tenir la paix avec sûreté dans son sein, mais aussi de porter la guerre partout où il faut, et de frapper de près et de loin avec une égale force.
Nos ennemis le ſçavent bien dire, & nos alliez ont reſſenti dans le plus grand éloignement, combien la main de LOUIS eſtoit ſecourable.	Nos ennemis le savent bien dire, et nos alliés ont ressenti dans le plus grand éloignement, combien la main de LOUIS était secourable.
Avant luy, la France preſque ſans vaiſſeaux, tenoit en vain aux deux mers:	Avant lui, la France presque sans vaisseaux, tenait en vain aux deux mers:
maintenant on les voit couvertes depuis le Levant juſqu’au Couchant de nos Flotes victorieuſes, & la hardieſſe Francoiſe porte par tout la terreur avec le nom de LOUIS.	maintenant on les voit couvertes depuis le Levant jusqu’au Couchant de nos Flottes victorieuses, et la hardiesse Française porte partout la terreur avec le nom de LOUIS.
Tu cederas, ou tu tomberas ſous ce vainqueur, Alger riche des dépouïlles de la Chreſtienté.	Tu céderas, ou tu tomberas sous ce vainqueur, Alger riche des dépouilles de la Chrétienté.
Tu diſois en ton cœur avare;	Tu disais en ton cœur avare;
Je tiens la mer ſous mes loix, & les nations ſont ma proye.	Je tiens la mer sous mes lois, et les nations sont ma proie.
La legereté de tes vaiſſeaux te donnoit de la confiance: mais tu te verras attaquée dans tes murailles, comme un oiſeau raviſſant qu’on iroit chercher parmi ſes rochers & dans ſon nid, où il partage ſon butin à ſes petits.	La légèreté de tes vaisseaux te donnait de la confiance: mais tu te verras attaquée dans tes murailles, comme un oiseau ravissant qu’on irait chercher parmi ses rochers et dans son nid, où il partage son butin à ses petits.
Tu rends déja tes eſclaves.	Tu rends déjà tes esclaves.
LOUIS a briſé les fers donc tu accablois ſes Sujets qui ſont nez pour eſtre libres ſous ſon glorieux Empire.	LOUIS a brisé les fers donc tu accablais ses Sujets qui sont nés pour être libres sous son glorieux Empire.
Tes maiſons ne ſont plus qu’un amas de pierres. Dans ta brutale fureur tu te tournes contre toy-meſme, & tu ne ſçais comment aſſouvir ta rage impuiſſante.	Tes maisons ne sont plus qu’un amas de pierres. Dans ta brutale fureur tu te tournes contre toi-même, et tu ne sais comment assouvir ta rage impuissante.
Mais nous verrons la fin de tes brigandages.	Mais nous verrons la fin de tes brigandages.
Les Pilotes étonnez s’écrient par avance, EZech. 27. 32. Qui eſt ſemblable à Tyr?	Les Pilotes étonnés s’écrient par avance, EZech. 27. 32. Qui est semblable à Tyr?
toutefois elle s'eſt tuë dans le milieu de la mer;	toutefois elle s’est tue dans le milieu de la mer;
& la navigation va eſtre aſſeürée par les armes de LOUIS.	et la navigation va être assurée par les armes de LOUIS.
L’éloquence s’eſt épuiſée à loûër la ſageſſe de ſes loix & l’ordre de ſes Finances.	L’éloquence s’est épuisée à louer la sagesse de ses lois et l’ordre de ses Finances.
Que n’a-t-on pas dit de ſa fermeté, à laquelle nous voyons ceder juſqu'à la fureur des Duels?	Que n’a-t-on pas dit de sa fermeté, à laquelle nous voyons céder jusqu’à la fureur des Duels?
La ſévere Juſtice de LOUIS jointe à ſes inclinations bienfaiſantes fait aimer à la France l’autorité ſous laquelle heureuſement réünie elle eſt tranquille & victorieuſe.	La sévère Justice de LOUIS jointe à ses inclinations bienfaisantes fait aimer à la France l’autorité sous laquelle heureusement réunie elle est tranquille et victorieuse.
Qui veut entendre combien la raiſon préſide dans les conſeils de ce Prince, n’a qu’à preſter l’oreille quand il luy plaiſt d’en expliquer les motifs.	Qui veut entendre combien la raison préside dans les conseils de ce Prince, n’a qu’à prêter l’oreille quand il lui plaît d’en expliquer les motifs.
Je pourrois icy prendre à témoin les ſages Miniſtres des Cours étrangeres, qui le trouvent auſſi convaincant dans ſes diſcours que redoutable par ſes armes.	Je pourrais ici prendre à témoin les sages Ministres des Cours étrangères, qui le trouvent aussi convaincant dans ses discours que redoutable par ses armes.
La nobleſſe de ſes expreſſions vient de celle de ſes ſentimens, & ſes paroles préciſes ſont l’image de la juſteſſe qui regne dans ſes penſées.	La noblesse de ses expressions vient de celle de ses sentiments, et ses paroles précises sont l’image de la justesse qui règne dans ses pensées.
Pendant qu’il parle avec tant de force, une douceur ſurprenante luy ouvre les cœurs, & donne je ne ſçay comment un nouvel éclat à la Majeſté qu’elle tempere.	Pendant qu’il parle avec tant de force, une douceur surprenante lui ouvre les cœurs, et donne je ne sais comment un nouvel éclat à la Majesté qu’elle tempère.
N’oublions pas ce qui faiſoit la joye de la Reine.	N’oublions pas ce qui faisait la joie de la Reine.
LOUIS eſt le rempart de la Religion:	LOUIS est le rempart de la Religion:
c’eſt à la Religion qu’il fait ſervir ſes armes redoutées par mer & par terre.	c’est à la Religion qu’il fait servir ses armes redoutées par mer et par terre.
Mais ſongeons qu’il ne l’établit par tout au dehors que parce qu’il la fait regner au dedans & au milieu de ſon cœur.	Mais songeons qu’il ne l’établit partout au dehors que parce qu’il la fait régner au dedans et au milieu de son cœur.
C’eſt là qu’il abbat des ennemis plus terribles que ceux que tant de Puiſſances jalouſes de ſa grandeur, & l’Europe entiere pourroit armer contre luy.	C’est là qu’il abat des ennemis plus terribles que ceux que tant de Puissances jalouses de sa grandeur, et l’Europe entière pourrait armer contre lui.
Nos vrais ennemis ſont en nous-meſmes, & LOUIS combat ceux-là plus que tous les autres.	Nos vrais ennemis sont en nous-mêmes, et LOUIS combat ceux-là plus que tous les autres.
Vous voyez tomber de toutes parts les Temples de l’Héreſie:	Vous voyez tomber de toutes parts les Temples de l’Hérésie:
ce qu’il renverſe au dedans eſt un ſacrifice bien plus agréable ; & l’ouvrage du Chreſtien, c’eſt de détruire les paſſions qui feroient de nos cœurs un Temple d’Idoles.	ce qu’il renverse au dedans est un sacrifice bien plus agréable; et l’ouvrage du Chrétien, c’est de détruire les passions qui feraient de nos cœurs un Temple d’Idoles.
Que ſerviroit à LOUIS d’avoir étendu ſa gloire par tout où s’étend le genre humain?	Que servirait à LOUIS d’avoir étendu sa gloire partout où s’étend le genre humain?
Ce ne luy eſt rien d’eſtre l’homme que les autres hommes admirent:	Ce ne lui est rien d’être l’homme que les autres hommes admirent:
il veut eſtre, avec David, l'homme ſelon le cœur de Dieu.	il veut être, avec David, l’homme selon le cœur de Dieu.
C’eſt pourquoy Dieu le benit.	C’est pourquoi Dieu le bénit.
Tout le genre humain demeure d’accord qu’il n’y a rien de plus grand que ce qu’il fait, ſi ce n’eſt qu’on veuille compter pour plus grand encore tout ce qu’il n’a pas voulu faire, & les bornes qu’il a données à ſa puiſſance.	Tout le genre humain demeure d’accord qu’il n’y a rien de plus grand que ce qu’il fait, si ce n’est qu’on veuille compter pour plus grand encore tout ce qu’il n’a pas voulu faire, et les bornes qu’il a données à sa puissance.
Adorez donc, O GRAND ROY, celuy qui vous fait regner, qui vous fait vaincre, & qui vous donne dans la victoire, malgré la fierté qu’elle inſpire, des ſentimens ſi moderez!	Adorez donc, Ô GRAND ROI, celui qui vous fait régner, qui vous fait vaincre, et qui vous donne dans la victoire, malgré la fierté qu’elle inspire, des sentiments si modérés!
Puiſſe la Chreſtienté ouvrir les yeux, & reconnoiſtre le vengeur que Dieu luy envoye. Pendant, ô malheur, ô honte, ô juſte punition de nos pechez!	Puisse la Chrétienté ouvrir les yeux, et reconnaître le vengeur que Dieu lui envoie. Pendant, ô malheur, ô honte, ô juste punition de nos péchés!
pendant, dis-je, qu'elle eſt ravagée par les Infideles qui pénetrent juſqu'à ſes entrailles;	pendant, dis-je, qu’elle est ravagée par les Infidèles qui pénètrent jusqu’à ses entrailles;
que tarde-t- elle à ſe ſouvenir & des ſecours de Candie, & de la fameuſe Journée du Raab, où LOUIS renouvella dans le cœur des Infideles l’ancienne opinion qu’ils ont des armes Françoiſes fatales à leur tyrannie, & par des exploits inouïs devint le rempart de l’Auſtriche dont il avoit eſté la terreur?	que tarde-t-elle à se souvenir et des secours de Candie, et de la fameuse Journée du Raab, où LOUIS renouvela dans le cœur des Infidèles l’ancienne opinion qu’ils ont des armes Françaises fatales à leur tyrannie, et par des exploits inouïs devint le rempart de l’Autriche dont il avait été la terreur?
Ouvrez donc les yeux, CHRESTIENS, & regardez ce Heros, dont nous pouvons. dire, comme Saint Paulin diſoit du Grand Theodoſe, que nous voyons en LOUIS, Paul. Ep. 9. ad Sev. non un Roy, mais un ſerviteur de Jeſus- Chriſt, & un Prince qui s’éleve audeſſus des hommes plus encore par ſa Foy que par ſa Couronne.	Ouvrez donc les yeux, CHRÉTIENS, et regardez ce Héros, dont nous pouvons. dire, comme Saint Paulin disait du Grand Théodose, que nous voyons en LOUIS, Paul. Ep. 9. ad Sev. non un Roi, mais un serviteur de Jésus-Christ, et un Prince qui s’élève au-dessus des hommes plus encore par sa Foi que par sa Couronne.
In Theodoſio non Imperatorem, ſed Chriſti ſervum, nec regno, ſed fide Principem prædicamus.	In Theodosio non Imperatorem, sed Christi servum, nec regno, sed fide Principem prædicamus.
C’eſtoit, MESSIEURS, d’un tel Heros que MARIE TERESE devoit partager la gloire d’une façon particuliere, puis que non contente d’y avoir part comme compagne de ſon thrône, elle ne ceſſoit d’y contribuer par la perſeverance de ſes vœux.	C’était, MESSIEURS, d’un tel Héros que MARIE-THÉRÈSE devait partager la gloire d’une façon particulière, puisque non contente d’y avoir part comme compagne de son trône, elle ne cessait d’y contribuer par la persévérance de ses vœux.
Pendant que ce grand Roy la rendoit la plus illuſtre de toutes les Reines, vous la faiſiez, MONSEIGNEUR, la plus illuſtre de toutes les Meres.	Pendant que ce grand Roi la rendait la plus illustre de toutes les Reines, vous la faisiez, MONSEIGNEUR, la plus illustre de toutes les Mères.
Vos reſpects l’ont conſolée de la perte de ſes autres enfans. Vous les luy avez rendus:	Vos respects l’ont consolée de la perte de ses autres enfants. Vous les lui avez rendus:
elle s’eſt veûë renaiſtre dans ce Prince qui fait vos délices & les noſtres;	elle s’est vue renaître dans ce Prince qui fait vos délices et les nôtres;
& elle a trouvé une fille digne d’elle dans cette auguſte Princeſſe, qui par ſon rare mérite autant que par les droits d’un nœud ſacré ne fait avec vous qu’un meſme cœur.	et elle a trouvé une fille digne d’elle dans cette auguste Princesse, qui par son rare mérite autant que par les droits d’un nœud sacré ne fait avec vous qu’un même cœur.
Si nous l’avons admirée dés le moment qu'elle parut, le Roy a confirmé noſtre jugement ; & maintenant devenuë, malgré ſes ſouhaits, la principale décoration d’une Cour dont un ſi grand Roy fait le ſouſtien, elle eſt la conſolation de toute la France.	Si nous l’avons admirée dès le moment qu’elle parut, le Roi a confirmé notre jugement; et maintenant devenue, malgré ses souhaits, la principale décoration d’une Cour dont un si grand Roi fait le soutien, elle est la consolation de toute la France.
Ainſi noſtre Reine, heureuſe par ſa naiſſance, qui luy rendoit la pieté auſſi-bien que la grandeur comme héreditaire, par ſa ſainte éducation, par ſon mariage, par la gloire & par l’amour d’un ſi grand Roy, par le mérite & par les reſpects de ſes enfans, & par la vénération de tous les peuples, ne voyoit rien ſur la terre qui ne fuſt audeſſous d’elle. Elevez maintenant, ô Seigneur, & mes penſées & ma voix!	Ainsi notre Reine, heureuse par sa naissance, qui lui rendait la piété aussi bien que la grandeur comme héréditaire, par sa sainte éducation, par son mariage, par la gloire et par l’amour d’un si grand Roi, par le mérite et par les respects de ses enfants, et par la vénération de tous les peuples, ne voyait rien sur la terre qui ne fut au-dessous d’elle. Élevez maintenant, ô Seigneur, et mes pensées et ma voix!
Que je puiſſe repreſenter à cette auguſte Audiance l’incomparable beauté d’une ame que vous avez toûjours habitée, qui n’a jamais Eph. 4. 30. affligé voſtre Eſprit Saint, qui jamais n'a perdu  le gouſt du don celeſte;	Que je puisse représenter à cette auguste Audience l’incomparable beauté d’une âme que vous avez toujours habitée, qui n’a jamais Eph. 4. 30. affligé votre Esprit Saint, qui jamais n’a perdu le goût du don céleste;
afin que nous commencions malheureux pecheurs à verſer ſur nous-meſmes un torrent de larmes, & que ravis des chaſtes attraits de l’innocence, jamais nous ne nous laſſions d’en pleurer la perte.	afin que nous commencions malheureux pécheurs à verser sur nous-mêmes un torrent de larmes, et que ravis des chastes attraits de l’innocence, jamais nous ne nous lassions d’en pleurer la perte.
A la verité, CHRESTIENS, quand on voit dans l’Evangile  la brebis perduë préférée par le bon Paſteur à tout le reſte du troupeau;	À la vérité, CHRÉTIENS, quand on voit dans l’Évangile la brebis perdue préférée par le bon Pasteur à tout le reste du troupeau;
quand on y lit cét heureux retour du Prodigue retrouvé, & ce tranſport d’un pere attendri qui met en joye toute ſa famille:	quand on y lit cet heureux retour du Prodigue retrouvé, et ce transport d’un père attendri qui met en joie toute sa famille:
on eſt tenté de croire que la penitence eſt préferée à l’innocence meſme, & que le Prodigue retourné reçoit plus de graces que ſon aiſné, qui ne s’eſt jamais échapé de la maiſon paternelle.	on est tenté de croire que la pénitence est préférée à l’innocence même, et que le Prodigue retourné reçoit plus de grâces que son aîné, qui ne s’est jamais échappé de la maison paternelle.
Il eſt l’aiſne toutefois, & deux mots que luy dit ſon pere luy font bien entendre qu’il n’a pas perdu ſes avantages:	Il est l’aîné toutefois, et deux mots que lui dit son père lui font bien entendre qu’il n’a pas perdu ses avantages:
Ibid 31. Mon fils, luy dit-il, vous eſtes toûjours avec moy, & tout ce qui eſt à moy eſt à vous.	Ibid 31. Mon fils, lui dit-il, vous êtes toujours avec moi, et tout ce qui est à moi est à vous.
Cette parole, MESSIEURS, ne ſe traite gueres dans les chaires, parce que cette inviolable fidelité ne ſe trouve gueres dans les mœurs.	Cette parole, MESSIEURS, ne se traite guère dans les chaires, parce que cette inviolable fidélité ne se trouve guère dans les mœurs.
Expliquons-la toutefois, puis que noſtre illuſtre ſujet nous y conduit, & qu’elle a une parfaite conformité avec noſtre texte.	Expliquons-la toutefois, puisque notre illustre sujet nous y conduit, et qu’elle a une parfaite conformité avec notre texte.
Une excellente doctrine de Saint Thomas nous la fait entendre, & concilie toutes choſes.	Une excellente doctrine de Saint Thomas nous la fait entendre, et concilie toutes choses.
Dieu témoigne plus d’amour au juſte toûjours fidele;	Dieu témoigne plus d’amour au juste toujours fidèle;
il en témoigne davantage auſſi au pecheur réconcilié;	il en témoigne davantage aussi au pécheur réconcilié;
mais en deux manieres differentes.	mais en deux manières différentes.
L’un paroiſtra plus favoriſé, ſi l’on a égard à ce qu’il eſt;	L’un paraîtra plus favorisé, si l’on a égard à ce qu’il est;
& l’autre, ſi l’on remarque d’où il eſt ſorti.	et l’autre, si l’on remarque d’où il est sorti.
Dieu conſerve au juſte un plus grand don;	Dieu conserve au juste un plus grand don;
il retire le pecheur d’un plus grand mal.	il retire le pécheur d’un plus grand mal.
Le juſte ſemblera plus avantagé, ſi l’on peſe ſon mérite;	Le juste semblera plus avantagé, si l’on pèse son mérite;
& le pecheur plus cheri, ſi l’on conſidere ſon indignité.	et le pécheur plus chéri, si l’on considère son indignité.
Le pere du Prodigue l'explique luy-meſme:	Le père du Prodigue l’explique lui-même:
Luc. 15. 31. Mon fils, vous eſtes toûjours avec moy, & tout ce qui eſt à moy eſt à vous;	Luc. 15. 31. Mon fils, vous êtes toujours avec moi, et tout ce qui est à moi est à vous;
c'eſt ce qu’il dit à celuy à qui il conſerve un plus grand don:	c’est ce qu’il dit à celui à qui il conserve un plus grand don:
Ibid. 32. Il falloit ſe réjoûïr parce que voſtre frere eſtoit mort, & il eſt reſſuſcité;	Ibid. 32. Il fallait se réjouir parce que votre frère était mort, et il est ressuscité;
c’eſt ainſi qu’il parle de celuy qu’il retire d’un plus grand abiſme de maux.	c’est ainsi qu’il parle de celui qu’il retire d’un plus grand abîme de maux.
Ainſi les cœurs ſont ſaiſis d’une joye ſoudaine par la grace ineſperée d’un beau jour d’hiver, qui aprés un temps pluvieux vient réjoûïr tout d’un coup la face du monde;	Ainsi les cœurs sont saisis d’une joie soudaine par la grâce inespérée d’un beau jour d’hiver, qui après un temps pluvieux vient réjouir tout d’un coup la face du monde;
mais on ne laiſſe pas de luy préferer la conſtante ſerenité d’une ſaiſon plus benigne:	mais on ne laisse pas de lui préférer la constante sérénité d’une saison plus bénigne:
& s’il nous eſt permis d’expliquer les ſentimens du Sauveur par ces ſentimens humains, il s’émeut plus ſenſiblement ſur les pecheurs convertis, qui ſont ſa nouvelle conqueſte ; mais il réſerve une plus douce familiarité aux juſtes, qui ſont ſes anciens & perpetuels amis:	et s’il nous est permis d’expliquer les sentiments du Sauveur par ces sentiments humains, il s’émeut plus sensiblement sur les pécheurs convertis, qui sont sa nouvelle conquête; mais il réserve une plus douce familiarité aux justes, qui sont ses anciens et perpétuels amis:
puis que s’il dit, parlant du Prodigue:	puisque s’il dit, parlant du Prodigue:
Ibid. 22. Qu'on luy rende ſa premiere	Ibid. 22. Qu’on lui rende sa première
