IE chante la PVCELLE, & la ſainte Vaillance,	JE chante la PUCELLE, et la sainte Vaillance,
Qui dans le point fatal, où periſſoit la France,	Qui dans le point fatal, où périssait la France,
Ranimant de ſon Roy la mourante vertu,	Ranimant de son Roi la mourante vertu,
Releua ſon Eftat, ſous l’Anglois, abbatu.	Releva son État, sous l’Anglais, abattu.
Le Ciel ſe courrouça, l'Enfer eſmût ſa rage,	Le Ciel se courrouça, l’Enfer émut sa rage,
Mais Elle, armant ſon cœur de zele & de courage,	Mais Elle, armant son cœur de zèle et de courage,
Par ſa priere ardente, au milieu de ſes fers,	Par sa prière ardente, au milieu de ses fers,
Sceut, & flechir les Cieux, & donter les Enfers.	Sut, et fléchir les Cieux, et dompter les Enfers.
Ames des premiers Corps, Peres de l'Harmonie,	Âmes des premiers Corps, Pères de l’Harmonie,
Meſſagers des Decrets de l'Eſſence infinie,	Messagers des Décrets de l’Essence infinie,
Legions qui ſuyués l'eternel eſtandard,	Légions qui suivez l’éternel étendard,
Et qui, dans ce grand Oeuure, euſtes ſi grande part;	Et qui, dans ce grand Œuvre, eûtes si grande part;
Celebrés, auec moy, la Guerriere Houlette,	Célébrez, avec moi, la Guerrière Houlette,
Faites prendre à ma voix l'éclat de la trompette,	Faites prendre à ma voix l’éclat de la trompette,
Eſchaufſés mon eſprit, diſposés mon Projet,	Échauffez mon esprit, disposés mon Projet,
Et rendés mon haleine egale à mon Sujet.	Et rendez mon haleine égale à mon Sujet.
Auguſte Succeſſeur de cet auguſte Prince,	Auguste Successeur de cet auguste Prince,
Par qui s'accrut jadis la Françoiſe Prouince,	Par qui s’accrut jadis la Française Province,
Lors que ſon bras vengeur, par cent heureux combats,	Lorsque son bras vengeur, par cent heureux combats,
Du redoutable Anglois mit la puiſſance à bas;	Du redoutable Anglais mit la puissance à bas;
Magnanime HENRY, glorieux LONGVEVILLE,	Magnanime HENRI, glorieux LONGUEVILLE,
Des errantes Vertus, & le Temple, & l'Aſyle,	Des errantes Vertus, et le Temple, et l’Asile,
Colonne de l'Eſtat par DVNOIS reſtably,	Colonne de l’État par DUNOIS rétabli,
Heros, dont les exploits ne craignent point l'Oubly;	Héros, dont les exploits ne craignent point l’Oubli;
Viue Source d'honneur, qui tousjours claire & pleine	Vive Source d’honneur, qui toujours claire et pleine
Groſſis, de flots bruyans, ma languiſſante veine,	Grossis, de flots bruyants, ma languissante veine,
Et fais couler mes jours, dans l'honneſte loyſir,	Et fais couler mes jours, dans l’honnête loisir,
Qu'enuioit la Fortune à mon noble deſir;	Qu’ennuyait la Fortune à mon noble désir;
Des veritables chants de mon ſacré Parnaſſe,	Des véritables chants de mon sacré Parnasse,
Aprens les hauts deſſeins d'vn Guerrier de ta Race,	Apprends les hauts desseins d’un Guerrier de ta Race,
Et voy, dans leurs ſucces, juſqu'où le cœur humain	Et vois, dans leurs succès, jusqu’où le cœur humain
Peut porter les efforts d'vne mortelle main.	Peut porter les efforts d’une mortelle main.
Voy, parmy la tempeſte aux injuſtes fatale,	Vois, parmi la tempête aux injustes fatale,
Reſplendir de ton Sang l’origine Royale,	Resplendir de ton Sang l’origine Royale,
Et contemple eſtonné, par quels brillans eſſais	Et contemple étonné, par quels brillants essais
Se preparoient les Cieux à produire tes Faits.	Se préparaient les Cieux à produire tes Faits.
Vn jour, lors qu'en ſuyuant ce grand Foudre de guerre	Un jour, lorsqu’en suivant ce grand Foudre de guerre
I'auray pris ma volée, aßés loin de la Terre,	J’aurai pris ma volée, assez loin de la Terre,
Et que j'auray le ton deſormais aßés fort	Et que j’aurai le ton désormais assez fort
Pour l'eſleuer à toy, ſans te faire de tort;	Pour l’élever à toi, sans te faire de tort;
Ie veux, par le recit de tes propres merueilles,	Je veux, par le récit de tes propres merveilles,
Des Peuples ſuſpendus enchanter les oreilles,	Des Peuples suspendus enchanter les oreilles,
Et, dans tous les climats, faire, par leur grandeur,	Et, dans tous les climats, faire, par leur grandeur,
Cherir de tes Lauriers l'eternelle verdeur.	Chérir de tes Lauriers l’éternelle verdeur.
Ie diray la Conté, par toy, demi-conquiſe,	Je dirai la Comté, par toi, demi-conquise,
Par toy, dans le Piedmont, l'aſſeurance remiſe	Par toi, dans le Piémont, l’assurance remise
Les Lorrains acheués de mettre, ſous nos loix,	Les Lorrains achevés de mettre, sous nos lois,
Et le douteux Briſac enfin rendu François.	Et le douteux Brissac enfin rendu Français.
Ie diray le fameux & terrible paſſage,	Je dirai le fameux et terrible passage,
Qui fit ceder le Rhein au feu de ton courage,	Qui fit céder le Rhin au feu de ton courage,
Et qui, briſant les fers des belliqueux Germains,	Et qui, brisant les fers des belliqueux Germains,
Aſſura la franchiſe au reſte des humains.	Assura la franchise au reste des humains.
Ie diray quel tonnerre employa ta Bellonne,	Je dirai quel tonnerre employa ta Bellonne,
Pour abbatre à tes pieds l'orgueilleuſe Tortonne,	Pour abattre à tes pieds l’orgueilleuse Tortonne,
Et de quelle viſteſſe, effrayé par ton bruit,	Et de quelle vitesse, effrayé par ton bruit,
Le Serpent Milanois dans ſa grotte s'enfuit.	Le Serpent Milanais dans sa grotte s’enfuit.
Enfin je publiray tes labeurs heroïques,	Enfin je publierai tes labeurs héroïques,
Pour trouuer le remede aux miſeres publiques,	Pour trouver le remède aux misères publiques,
Pour redonner la regle aux confus Elemens,	Pour redonner la règle aux confus Éléments,
Et du Monde Chreſtien calmer les mouuemens.	Et du Monde Chrétien calmer les mouvements.
DVRANT le triſte cours de cent longues années,	DURANT le triste cours de cent longues années,
L'equitable rigueur des ſaintes Deſtinées,	L’équitable rigueur des saintes Destinées,
Par mille deſplaiſirs, & par mille trauaux,	Par mille déplaisirs, et par mille travaux,
Auoit porté la France au comble de ſes maux.	Avait porté la France au comble de ses maux.
Deux deluges de ſang, eſpanchés de ſes veines,	Deux déluges de sang, épanchés de ses veines,
De Poitiers, d’Azincourt, auoient noyé les Plaines,	De Poitiers, d’Azincourt, avaient noyé les Plaines,
Et de deux coups de foudre, & Creuant, & Verneüil,	Et de deux coups de foudre, et Crevant, et Verneuil,
Venoient de la conduire aux portes du cercüeil.	Venaient de la conduire aux portes du cercueil.
Charles ſon jeune Maiſtre, & ſa foible eſperance,	Charles son jeune Maître, et sa faible espérance,
Des fiers Vſurpateurs eſprouuoit l'inſolence,	Des fiers Usurpateurs éprouvait l’insolence,
Loin du throſne captif, erroit deſeſperé,	Loin du trône captif, errait désespéré,
Et voyoit ſon Vaſſal, en ſon lieu, reueré.	Et voyait son Vassal, en son lieu, révéré.
Il voyoit, de l'Anglois, à ſon Sceptre, Rebelle,	Il voyait, de l’Anglais, à son Sceptre, Rebelle,
Proſperer, chaque jour, l'Entrepriſe crüelle;	Prospérer, chaque jour, l’Entreprise cruelle;
Il voyoit, par l’Anglois, ſes Eſtats enuahis,	Il voyait, par l’Anglais, ses États envahis,
Et, dans ſon païs propre, il cherchoit ſon païs.	Et, dans son pays propre, il cherchait son pays.
Les coſtaux, les vallons, les champs & les prairies,	Les coteaux, les vallons, les champs et les prairies,
A ſes regards troublés n'offroient que barbaries,	À ses regards troublés n’offraient que barbaries,
Et les vaſtes remparts des tremblantes Cités	Et les vastes remparts des tremblantes Cités
N'enfermoient que tourmens, & que calamités.	N’enfermaient que tourments, et que calamités.
Tous les fleaux des Humains, la Peſte & la Famine	Tous les fléaux des Humains, la Peste et la Famine
Des Peuples, en tous lieux, auançoient la rüine,	Des Peuples, en tous lieux, avançaient la ruine,
Et la Guerre, en tous lieux, agitant ſon flambeau,	Et la Guerre, en tous lieux, agitant son flambeau,
De leurs toits embrasés, compoſoit leur tombeau.	De leurs toits embrasés, composait leur tombeau.
L'impitoyable Mort, des Prouinces entieres	L’impitoyable Mort, des Provinces entières
Ne faiſoit deſormais que de grands cimetieres,	Ne faisait désormais que de grands cimetières,
Le ſang, en chaque bois, par les routes couloit,	Le sang, en chaque bois, par les routes coulait,
Et, dans chaque riuiere, aux ondes ſe meſloit.	Et, dans chaque rivière, aux ondes se mêlait.
L'Audace, la Fureur, le Diſcord & la Rage,	L’Audace, la Fureur, le Discord et la Rage,
Deſtruiſoient à-l'enuy le Royal heritage,	Détruisaient à l’envi le Royal héritage,
Il ne paroiſſoit plus qu'vn gouffre de malheur,	Il ne paraissait plus qu’un gouffre de malheur,
Et l'endroit le plus ſain eſtoit plein de douleur.	Et l’endroit le plus sain était plein de douleur.
Aucun mur ne portoit vne chaiſne legere,	Aucun mur ne portait une chaîne légère,
Mais Paris, plus que tous, plonge dans la miſere,	Mais Paris, plus que tous, plonge dans la misère,
Meſconnoiſſoit ſon Prince, & luy manquant de foy,	Méconnaissait son Prince, et lui manquant de foi,
Souffroit à l'Eſtranger prendre titre de Roy.	Souffrait à l’Étranger prendre titre de Roi.
Pour dernier monſtre en fin, l'execrable Iſabelle	Pour dernier monstre en fin, l’exécrable Isabelle
Immoloit ſon Fils propre à ſa haine immortelle,	Immolait son Fils propre à sa haine immortelle,
Et faiſant violence aux naturelles loix,	Et faisant violence aux naturelles lois,
Fomentoit contre luy le party de l'Anglois.	Fomentait contre lui le parti de l’Anglais.
De l'vn à l'autre bout, la deplorable France	De l’un à l’autre bout, la déplorable France
Aux heureux Reuoltés preſtoit obeiſſance,	Aux heureux Révoltés prêtait obéissance,
Et Marne, & Seine, & Loire, à peine en leurs courans	Et Marne, et Seine, et Loire, à peine en leurs courants
Trouuoient vn bouleuard franc du joug des Tyrans.	Trouvaient un boulevard franc du joug des Tyrans.
Orleans, ſeul encor de tant de Places fortes,	Orléans, seul encor de tant de Places fortes,
Se pouuoit dire libre au dedans de ſes portes,	Se pouvait dire libre au dedans de ses portes,
Bien qu'entre cent terreurs, il viſt de toutes parts	Bien qu’entre cent terreurs, il vit de toutes parts
Vne armée innombrable entourer ſes ramparts.	Une armée innombrable entourer ses remparts.
Iuſques vers le milieu de la neufieſme Lune,	Jusque vers le milieu de la neuvième Lune,
Il auoit tenu teſte à ſon aſpre fortune,	Il avait tenu tête à son âpre fortune,
Il auoit cent aſſauts l'vn ſur l'autre endurés,	Il avait cent assauts l’un sur l’autre endurés,
Et cent fois dans leur camp les Anglois reſſerrés.	Et cent fois dans leur camp les Anglais resserrés.
Par les bras vigoureux qui reſtoient à la France,	Par les bras vigoureux qui restaient à la France,
En fin il auoit veu tenter ſa deliurance,	Enfin il avait vu tenter sa délivrance,
L'auoit veu, mais ſans fruit, & proche des abois	L’avait vu, mais sans fruit, et proche des abois
Bien-toſt des aſſiegeans alloit ſuyure les loix.	Bientôt des assiégeants allait suivre les lois.
Quand ſon grand Defenſeur, dont la force diuine	Quand son grand Défenseur, dont la force divine
Du chancelant Eſtat ſouſtenoit la ruine,	Du chancelant État soutenait la ruine,
L'inuincible Dunois, ſur le haut de ſes tours,	L’invincible Dunois, sur le haut de ses tours,
Au profond de ſon cœur fit ce triſte diſcours.	Au profond de son cœur fit ce triste discours.
Donques, pour conſeruer cette fidelle Ville,	Donc, pour conserver cette fidèle Ville,
I'auray fait à mon Prince vn ſerment inutile,	J’aurai fait à mon Prince un serment inutile,
Et ce genereux Peuple, auec tout mon effort,	Et ce généreux Peuple, avec tout mon effort,
N'aura pû s'affranchir des chaiſnes de Betford.	N’aura pu s’affranchir des chaînes de Bedford.
Intrepides Soldats, valeureux Capitaines,	Intrépides Soldats, valeureux Capitaines,
Qui foulant de Rouuroy les deſaſtreuſes plaines,	Qui foulant de Rouvray les désastreuses plaines,
Reſolus de vous perdre, ou de nous ſecourir,	Résolus de vous perdre, ou de nous secourir,
Par les mains du Rebelle aués voulu mourir;	Par les mains du Rebelle avez voulu mourir;
Que voſtre ſort me plaiſt, & que je vous enuie	Que votre sort me plaît, et que je vous envie
Vne ſi belle fin de voſtre belle vie!	Une si belle fin de votre belle vie!
Car ſi voſtre projet a manqué de bonheur,	Car si votre projet a manqué de bonheur,
Au moins eſtes vous morts, & morts au lit d'honneur.	Au moins êtes vous morts, et morts au lit d’honneur.
Dunois infortuné, l'éclat de ta memoire	Dunois infortuné, l’éclat de ta mémoire
Sera-t-il obſcurcy d’vne tache ſi noire?	Sera-t-il obscurci d’une tache si noire?
Perdras-tu ton eſtime, & les ſiecles futurs	Perdras-tu ton estime, et les siècles futurs
Te reprocheront-ils d'auoir liuré ces murs?	Te reprocheront-ils d’avoir livré ces murs?
Loin de toy, loin de toy, cette honte & ce crime,	Loin de toi, loin de toi, cette honte et ce crime,
Pluſtoſt de tes Amis ſuy la fin magnanime,	Plutôt de tes Amis suis la fin magnanime,
Meurs pluſtoſt de cent morts, que de ternir jamais,	Meurs plutôt de cent morts, que de ternir jamais,
Par vn ſi laſche fait, la gloire de tes faits.	Par un si lâche fait, la gloire de tes faits.
Meurs pluſtoſt que ce Peuple endure le ſeruage,	Meurs plutôt que ce Peuple endure le servage,
Dont ta foy luy promit d’exemter ſon courage,	Dont ta foi lui promit d’exempter son courage,
Lors qu'entre cent Guerriers, non moins braues que toy,	Lors qu’entre cent Guerriers, non moins braves que toi,
Il t'élut pour l'ayder à maintenir ſa foy.	Il t’élut pour l’aider à maintenir sa foi.
Mais que luy ſeruira que tu ceſſes de viure?	Mais que lui servira que tu cesses de vivre?
Penſes-tu que des fers ton treſpas le deliure?	Penses-tu que des fers ton trépas le délivre?
Non, non, croy bien pluſtoſt, qu'en perdant la clarté,	Non, non, crois bien plutôt, qu’en perdant la clarté,
Tu haſtes ſa défaite & ſa captiuité.	Tu hâtes sa défaite et sa captivité.
Il s'arreſte incertain du conſeïl qu'il doit prendre;	Il s’arrête incertain du conseil qu’il doit prendre;
Il luy faut deſormais ou mourir ou ſe rendre,	Il lui faut désormais ou mourir ou se rendre,
Et, dans ce choix forcé, ſon eſprit eſperdu	Et, dans ce choix forcé, son esprit éperdu
Entre ces deux partis demeure ſuſpendu.	Entre ces deux partis demeure suspendu.
Comme lors qu'vn grand cheſne, aux Roches Apennines;	Comme lorsqu’un grand chêne, aux Roches Apennines;
Sent par vn choq de vents eſbranſler ſes racines,	Sent par un choc de vents ébranler ses racines,
Et, certain de tomber, voit ſon branchage eſpais,	Et, certain de tomber, voit son branchage épais,
Vers deux lieux, tour à tour, pancher ſon vaſte faix;	Vers deux lieux, tour à tour, pencher son vaste faix;
Si le Nord & le Sud, meſlés dans ſon feüillage,	Si le Nord et le Sud, mêlés dans son feuillage,
Viennent à le pouſſer d’vne pareille rage,	Viennent à le pousser d’une pareille rage,
Il ſuſpend ſa ruine, & ſemble conſulter,	Il suspend sa ruine, et semble consulter,
Qui, du Sud, ou du Nord, le doit precipiter.	Qui, du Sud, ou du Nord, le doit précipiter.
Mais en ce meſme inſtant, ſoit deſtin, ſoit rencontre,	Mais en ce même instant, soit destin, soit rencontre,
Tout à coup à ſa veuë vn nuage ſe monſtre,	Tout à coup à sa vue un nuage se montre,
Qui d’orage groſſy, perce le ſein des airs	Qui d’orage grossi, perce le sein des airs
De foudres allumés, & de volans éclairs:	De foudres allumés, et de volants éclairs:
Du Palais eſtoillé la voûte ſe preſente,	Du Palais étoilé la voûte se présente,
Sous l'effroyable aſpect d'vne fournaiſe ardente,	Sous l’effroyable aspect d’une fournaise ardente,
Et par ce rouge éclat le regard abusé,	Et par ce rouge éclat le regard abusé,
Iuge que l'Vniuers en eſt tout embrasé.	Juge que l’Univers en est tout embrasé.
O Ciel, dit-il alors, je conçoy ton langage,	O Ciel, dit-il alors, je conçois ton langage,
Tu m'apprens le chemin d’euiter le ſeruage,	Tu m’apprends le chemin d’éviter le servage,
Pour affranchir ce Peuple, & garder mon ſerment,	Pour affranchir ce Peuple, et garder mon serment,
L'infaillible remede eſt le feu ſeulement.	L’infaillible remède est le feu seulement.
Recourons, recourons aux braſiers fauorables,	Recourons, recourons aux brasiers favorables,
Rendons-nous, par la flamme, vn peu moins miſerables,	Rendons-nous, par la flamme, un peu moins misérables,
Et puiſque tout nous manque en cette extremité,	Et puisque tout nous manque en cette extrémité,
Employons le feu meſme à ſauuer la Cité.	Employons le feu même à sauver la Cité.
Il reſout ſa ruine, & ſon ame oppreſſée	Il résout sa ruine, et son âme oppressée
Entretient dans ſon cœur cette horrible penſée,	Entretient dans son cœur cette horrible pensée,
Le deſeſpoir l'anime, il marche en furieux,	Le désespoir l’anime, il marche en furieux,
Et fait luire vn flambeau dans chacun de ſes yeux.	Et fait luire un flambeau dans chacun de ses yeux.
Le ſein boüillant d'ardeur, & le front plein d'audace,	Le sein bouillant d’ardeur, et le front plein d’audace,
Il s'auance à grands pas au milieu de la place,	Il s’avance à grands pas au milieu de la place,
Aſſemble autour de luy les confus habitans,	Assemble autour de lui les confus habitants,
Et fait retentir l'air de ces mots éclatans.	Et fait retentir l’air de ces mots éclatants.
Amis, noſtre fortune eſt en fin deplorée,	Amis, notre fortune est enfin déplorée,
De noſtre liberté la perte eſt aſſurée	De notre liberté la perte est assurée
Le valeureux ſecours en campagne défait,	Le valeureux secours en campagne défait,
Traiſne, apres ſon malheur, ce neceſſaire effet.	Traine, après son malheur, ce nécessaire effet.
Pourquoy vous deguiſer l'effroyable nouuelle,	Pourquoi vous déguiser l’effroyable nouvelle,
Si le Sort nous condanne à ſeruir le Rebelle,	Si le Sort nous condamne à servir le Rebelle,
Si, pour ce cher rempart tant de mois defendu,	Si, pour ce cher rempart tant de mois défendu,
Tout eſpoir de reſource eſt maintenant perdu?	Tout espoir de ressource est maintenant perdu?
Pourrons-nous toutesfois porter noſtre courage,	Pourrons-nous toutefois porter notre courage,
A rendre à l'Eſtranger vn volontaire hommage?	Â rendre à l’Étranger un volontaire hommage?
Nous verra-t-on fléchir ſous ſon commandement?	Nous verra-t-on fléchir sous son commandement?
Ah! non, mourons pluſtoſt que viure laſchement.	Ah! non, mourons plutôt que vivre lâchement.
La mort ſeule nous reſte, en ce point lamentable;	La mort seule nous reste, en ce point lamentable;
Mais ce n'eſt pas vn mal, à qui vit miſerable;	Mais ce n’est pas un mal, à qui vit misérable;
A l'Anglois comparée, elle eſt pleine d’appas;	À l’Anglais comparée, elle est pleine d’appas;
L'Anglois eſt aux François pire que le treſpas.	L’Anglais est aux Français pire que le trépas.
Voſtre foy qui pût ſeule arreſter à ſa victoire,	Votre foi qui put seule arrêter à sa victoire,
Iamais ſans l'irriter ne s'offre à ſa memoire;	Jamais sans l’irriter ne s’offre à sa mémoire;
Il ne peut ſans fureur penſer à vos efforts,	Il ne peut sans fureur penser à vos efforts,
Et ſur chacun de vous veut venger tous ſes morts.	Et sur chacun de vous veut venger tous ses morts.
Ce grand nombre de morts, & parmy ce grand nombre,	Ce grand nombre de morts, et parmi ce grand nombre,
L'inhumain Salſbery, cette imperieuſe Ombre,	L’inhumain Salsbury, cette impérieuse Ombre,
Sollicitent Betford de les venger ſur vous,	Sollicitent Bedford de les venger sur vous,
Du ſang qu'ils ont verſé, ſous le poids de vos coups,	Du sang qu’ils ont versé, sous le poids de vos coups,
Il vous accablera d'inſupportables chaiſnes,	Il vous accablera d’insupportables chaînes,
Il vous tourmentera de douloureuſes geſnes,	Il vous tourmentera de douloureuses gênes,
Et vous verrés par luy vos ſoldats deſarmés,	Et vous verrez par lui vos soldats désarmés,
Vos biens mis au pillage, & vos toits enflammés.	Vos biens mis au pillage, et vos toits enflammés.
Vos yeux verront par luy deſchirer vos entrailles,	Vos yeux verront par lui déchirer vos entrailles,
Profaner vos autels, renuerſer vos murailles,	Profaner vos autels, renverser vos murailles,
Enleuer vos enfans vers vn bord eſcarté,	Enlever vos enfants vers un bord écarté,
Et de vos chaſtes lits ſoüiller la pureté.	Et de vos chastes lits souiller la pureté.
Vne fin magnanime, vn ſepulchre honnorable,	Une fin magnanime, un sépulcre honorable,
Eſt, à tant de rigueurs, ſans doute, preferable,	Est, à tant de rigueurs, sans doute, préférable,
Sans doute les François qui ſont nés genereux,	Sans doute les Français qui sont nés généreux,
Mourant ſans l'eſprouuer, croiront mourir heureux.	Mourant sans l’éprouver, croiront mourir heureux.
S'il faut perdre le jour, de vous meſmes, ſans doute,	S’il faut perdre le jour, de vous mêmes, sans doute,
Vous prendrés du cercüeil la tenebreuſe route,	Vous prendrez du cercueil la ténébreuse route,
Vous mourrés par vos mains, & ne permettrés pas	Vous mourrez par vos mains, et ne permettrez pas
Que Betford ait l'honneur de voſtre beau treſpas.	Que Bedford ait l’honneur de votre beau trépas.
Dans les champs de la Mort, il n'eſt aſpre carriere,	Dans les champs de la Mort, il n’est âpre carrière,
Où n'ayme mieux courir voſtre vertu guerriere;	Où n’aime mieux courir votre vertu guerrière;
Sous terre, au fond des eaux, & juſques dans les feux,	Sous terre, au fond des eaux, et jusque dans les feux,
Vous irés vous ſauuer du Barbare outrageux.	Vous irez-vous sauver du Barbare outrageux.
Ouy, je lis ſur vos fronts, je deſcouure en vos ames,	Oui, je lis sur vos fronts, je découvre en vos âmes,
Qu'il eſt plus craint de vous, que ne le ſont les flammes,	Qu’il est plus craint de vous, que ne le sont les flammes,
Et que rien de ſi dur ne ſe ſçauroit offrir,	Et que rien de si dur ne se saurait offrir,
Que pluſtoſt que ſes loix vous ne puiſſiés ſouffrir,	Que plutôt que ses lois vous ne puissiez souffrir,
Donques d'vn ferme cœur, contre ſa violence,	Donc d’un ferme cœur, contre sa violence,
De ces derniers remparts embraſſons la defenſe,	De ces derniers remparts embrassons la défense,
Et ſi noſtre ennemy nous force à le quiter,	Et si notre ennemi nous force à le quitter,
Oſtons luy les premiers ce qu'il doit nous oſter.	Ôtons lui les premiers ce qu’il doit nous ôter.
S'il nous met en eſtat de ne le plus defendre,	S’il nous met en état de ne le plus défendre,
Rempliſſons tout de feu, reduiſons tout en cendre,	Remplissons tout de feu, réduisons tout en cendre,
Contentons le Deſtin contre nous irrité,	Contentons le Destin contre nous irrité,
Et ne ſuruiuons pas à noſtre liberté.	Et ne survivons pas à notre liberté.
Ce tranſport vehement, ce funeſte langage,	Ce transport véhément, ce funeste langage,
Excite en chacun d'eux vne ſubite rage,	Excite en chacun d’eux une subite rage,
L'affreuſe ſeruitude eſtonne leurs eſprits,	L’affreuse servitude étonne leurs esprits,
Et fait que pour la mort ils n'ont que du meſpris.	Et fait que pour la mort ils n’ont que du mépris.
Vne illuſtre fureur s'empare des familles,	Une illustre fureur s’empare des familles,
Les enfans les vieillards, les femmes & les filles,	Les enfants les vieillards, les femmes et les filles,
Tous ſuyuent de Dunois l'horrible mouuement,	Tous suivent de Dunois l’horrible mouvement,
Et de leurs chers remparts veulent l'embraſement.	Et de leurs chers remparts veulent l’embrasement.
Tel, ſur les champs ſalés, le courageux Pilote	Tel, sur les champs salés, le courageux Pilote
Preſſe de toutes parts d'vne puiſſante flotte,	Presse de toutes parts d’une puissante flotte,
Sur le point d'eſtre pris, peut, à l'extremité,	Sur le point d’être pris, peut, à l’extrémité,
Choiſir pluſtoſt la mort que la captiuité.	Choisir plutôt la mort que la captivité.
Il le propoſe aux ſiens, & les y fait reſoudre,	Il le propose aux siens, et les y fait résoudre,
Sous le tillac conquis roule la noire poudre,	Sous le tillac conquis roule la noire poudre,
Et d'vn bras vigoureux y porte le flambeau,	Et d’un bras vigoureux y porte le flambeau,
Pour ſe faire de l'onde vn ſuperbe tombeau.	Pour se faire de l’onde un superbe tombeau.
Le Prince confirmé dans ſon penſer tragique,	Le Prince confirmé dans son penser tragique,
Depite la Fortune à ſa valeur inique,	Dépite la Fortune à sa valeur inique,
Repouſſe des Anglois les violens aſſauts,	Repousse des Anglais les violents assauts,
Et de leur propre ſang arroſe leurs trauaux.	Et de leur propre sang arrose leurs travaux.
Betford s'en eſmerueille, & ne ſçauroit comprendre,	Bedford s’en émerveille, et ne saurait comprendre,
Qui fait que l'aſſiegé s'oſe encore defendre,	Qui fait que l’assiégé s’ose encore défendre,
Qui fait qu'ayant perdu tout eſpoir de ſecours,	Qui fait qu’ayant perdu tout espoir de secours,
Sans eſperance meſme, il reſiſte touſiours.	Sans espérance même, il résiste toujours.
Mais Charles, à l'auis du ſucces deplorable,	Mais Charles, à l’avis du succès déplorable,
Qui rendoit d’Orleans la perte ineuitable,	Qui rendait d’Orléans la perte inévitable,
Par vn ſi rude choq a l'eſprit terracé,	Par un si rude choc à l’esprit terrassé,
Et d'vn mont de douleur le courage oppreſſé.	Et d’un mont de douleur le courage oppressé.
Sur quoy que ſa raiſon puiſſe tourner la veüe,	Sur quoi que sa raison puisse tourner la vue,
Pour luy, de cet abyſme il ne voit point d'iſſüe;	Pour lui, de cet abîme il ne voit point d’issue;
Au bas du precipice il ſe voit arriué,	Au bas du précipice il se voit arrivé,
Et, ſans retour en fin, croit ſon regne acheué.	Et, sans retour enfin, croit son règne achevé.
Il conſulte ſes Chefs ſur la triſte desfaite,	Il consulte ses Chefs sur la triste défaite,
Et trouue en ce malheur leur prudence müete,	Et trouve en ce malheur leur prudence muette,
Müet il les regarde, & d'vn œil eſtonné	Muet il les regarde, et d’un œil étonné
Se voit par leur ſilence à perir condanné.	Se voit par leur silence à périr condamné.
De ſurpriſe & d'horreur il a l'ame interdite,	De surprise et d’horreur il a l’âme interdite,
Le chagrin le deuore, & le trouble l'agite,	Le chagrin le dévore, et le trouble l’agite,
Son deſaſtre l'effraye, & dans ce point fatal,	Son désastre l’effraie, et dans ce point fatal,
Il contemple la mort, comme ſon moindre mal.	Il contemple la mort, comme son moindre mal.
En cet eſtat confus ſon Ange tutelaire	En cet état confus son Ange tutélaire
D'vn celeſte rayon ſes tenebres éclaire,	D’un céleste rayon ses ténèbres éclaire,
Et preſente à ſes yeux le Roy de l'Vniuers,	Et présente à ses yeux le Roi de l’Univers,
Qui tient aux affligés les bras touſiours ouuerts.	Qui tient aux affligés les bras toujours ouverts.
Sous Chinon la Vienne humecte, en ſon riuage,	Sous Chinon la Vienne humecte, en son rivage,
Le pied vert & mouſſu d'vn deuot Hermitage,	Le pied vert et moussu d’un dévot Hermitage,
Où le Dieu Tout puiſſant auec zele adoré,	Où le Dieu Tout puissant avec zèle adoré,
Ne fut jamais d'aucun vainement imploré.	Ne fut jamais d’aucun vainement imploré.
Mille lampes d’argent, mille vaſes antiques	Mille lampes d’argent, mille vases antiques
Enrichiſſent ſa voute, & parent ſes portiques,	Enrichissent sa voûte, et parent ses portiques,
Vœux, depuis plus d'vn ſiecle, à l'Eternel rendus,	Vœux, depuis plus d’un siècle, à l’Éternel rendus,
Par ceux que des perils ſa grace a defendus.	Par ceux que des périls sa grâce a défendus.
Charles remply de Dieu, pour aller à ce Temple,	Charles rempli de Dieu, pour aller à ce Temple,
Quite du ſacré bois la route la plus ample,	Quitte du sacré bois la route la plus ample,
Couppe, par vn ſentier, dans le taillis obſcur,	Coupe, par un sentier, dans le taillis obscur,
Et deſcouure de loin le ſolitaire mur.	Et découvre de loin le solitaire mur.
Il prend alors ſon cours, vers la ſainte cauerne,	Il prend alors son cours, vers la sainte caverne,
Sur ſon ruſtique ſueil en tremblant ſe proſterne,	Sur son rustique seuil en tremblant se prosterne,
Laiſſe parler vn temps ſes pleurs & ſes ſanglots,	Laisse parler un temps ses pleurs et ses sanglots,
Puis y meſle ſa voix, & prononce ces mots.	Puis y mêle sa voix, et prononce ces mots.
Monarque Souuerain des hommes & des Anges,	Monarque Souverain des hommes et des Anges,
Dont la Terre & les Cieux celebrent les loüanges,	Dont la Terre et les Cieux célèbrent les louanges,
Ineſbranlable appuy des fragiles mortels,	Inébranlable appui des fragiles mortels,
Qui d'vn fidelle culte encenſent vos autels.	Qui d’un fidèle culte encensent vos autels.
Ie ſçay que des François les tranſports indontables	Ie sais que des Français les transports indomptables
Leur ont ſoüillé le cœur d'offenſes execrables,	Leur ont souillé le cœur d’offenses exécrables,
Et que tous enyurés d'vn ſemblable poiſon,	Et que tous enivrés d’un semblable poison,
Aueque l'innocence ont perdu la raiſon;	Avec l’innocence ont perdu la raison;
Aux pecheurs toutesfois voſtre grace eſt propice,	Aux pécheurs toutefois votre grâce est propice,
Pour eux voſtre Bonté combat voſtre Iuſtice,	Pour eux votre Bonté combat votre Justice,
Les François contre vous ont cent crimes commis,	Les Français contre vous ont cent crimes commis,
Mais ils ſont vos Enfans, comme vos ennemis.	Mais ils sont vos Enfants, comme vos ennemis.
C'eſt cette Nation qui de ſaintes armées	C’est cette Nation qui de saintes armées
A couuert tant de fois les plaines Idumées,	À couvert tant de fois les plaines Idumées,
Et c'eſt ce Peuple éleu, qui doit à l'auenir,	Et c’est ce Peuple élu, qui doit à l’avenir,
Sous voſtre aymable joug tous les Peuples vnir.	Sous votre aimable joug tous les Peuples unir.
Seigneur, ſoyés humain à la foibleſſe humaine,	Seigneur, soyez humain à la faiblesse humaine,
Leur forfait en luy-meſme à rencontré ſa peine;	Leur forfait en lui-même à rencontré sa peine;
Ne leur ordonnés point de plus aſpre tourment,	Ne leur ordonnez point de plus âpre tourment,
Il les punit aſſés ſans autre chaſtiment.	Il les punit assez sans autre châtiment.
D'inſupportables maux vne ſuite enchaiſnée,	D’insupportables maux une suite enchaînée,
Sur le bord du ſepulchre à mis leur deſtinée;	Sur le bord du sépulcre à mis leur destinée;
Ils ont desja ſouffert les douleurs du treſpas;	Ils ont déjà souffert les douleurs du trépas;
S'ils meurent, ils mourront, mais ne ſouffriront pas.	S’ils meurent, ils mourront, mais ne souffriront pas.
Grand Dieu, ſi leur courage & leur vertu paſſée	Grand Dieu, si leur courage et leur vertu passée
Ont autresfois ſi loin voſtre gloire pouſſée,	Ont autrefois si loin votre gloire poussée,
Et ſi, par eux encor, vous deués quelque jour,	Et si, par eux encor, vous devez quelque jour,
Aſſujetir le Monde aux loix de voſtre amour;	Assujettir le Monde aux lois de votre amour;
Apres tant de malheur, apres tant de ſouffrance,	Après tant de malheur, après tant de souffrance,
Faites leur deſormais ſentir voſtre clemence,	Faites leur désormais sentir votre clémence,
Calmés en leur faueur voſtre juſte courroux,	Calmez en leur faveur votre juste courroux,
Et moderés pour eux la rigueur de vos coups.	Et modérez pour eux la rigueur de vos coups.
Accordés leur la vie, & bornés leur ſupplice,	Accordez leur la vie, et bornez leur supplice,
Où s'il faut d'vne mort payer voſtre Iuſtice,	Où s’il faut d’une mort payer votre Justice,
Pour les en deliurer, je la veux bien ſouffrir,	Pour les en délivrer, je la veux bien souffrir,
Et viens à voſtre foudre en leur place m'offrir.	Et viens à votre foudre en leur place m’offrir.
Alors du Roy des Roys la venerable image	Alors du Roi des Rois la vénérable image
Fit d'vn ſoudain éclair reſplendir ſon viſage;	Fit d’un soudain éclair resplendir son visage;
Charles baiſe la terre à l'aſpect de ces feux,	Charles baise la terre à l’aspect de ces feux,
Renforce ſa priere, & redouble ſes vœux.	Renforce sa prière, et redouble ses vœux.
Loin des murs flamboyans, qui renferment le Monde,	Loin des murs flamboyants, qui renferment le Monde,
Dans le centre caché d'vne clarté profonde,	Dans le centre caché d’une clarté profonde,
Dieu repoſe en luy-meſme, & veſtu de ſplendeur	Dieu repose en lui-même, et vêtu de splendeur
Sans bornes eſt remply de ſa propre grandeur.	Sans bornes est rempli de sa propre grandeur.
Vne triple Perſonne en vne ſeule Eſſence,	Une triple Personne en une seule Essence,
Le ſupreme Pouuoir, la ſupreme Science,	Le suprême Pouvoir, la suprême Science,
Et le ſuprême Amour vnis en Trinité,	Et le suprême Amour unis en Trinité,
Dans ſon regne eternel forment ſa Majeſté.	Dans son règne éternel forment sa Majesté.
Vn volant bataillon de Miniſtres fidelles	Un volant bataillon de Ministres fidèles
Deuant l'Eſtre infiny ſouſtenu ſur ſes ailes,	Devant l’Être infini soutenu sur ses ailes,
Dans vn juſte concert de trois fois trois degrés,	Dans un juste concert de trois fois trois degrés,
Luy chante inceſſamment des cantiques ſacrés.	Lui chante incessamment des cantiques sacrés.
Sous ſon throſne eſtoillé, Patriarches, Prophetes,	Sous son trône étoilé, Patriarches, Prophètes,
Apoſtres, Confeſſeurs, Vierges, Anachoretes,	Apôtres, Confesseurs, Vierges, Anachorètes,
Et ceux qui par leur ſang ont cimenté la foy,	Et ceux qui par leur sang ont cimenté la foi,
L'adorent à genoux, ſaint Peuple du ſaint Roy.	L’adorent à genoux, saint Peuple du saint Roi.
A ſa gauche & debout, la Vierge immaculée,	À sa gauche et debout, la Vierge immaculée,
Qui, de grace remplie, & de vertu comblée,	Qui, de grâce remplie, et de vertu comblée,
Conceut le Redempteur dans ſon pudique flanc,	Conçut le Rédempteur dans son pudique flanc,
Entre tous les Eleus obtient le premier rang.	Entre tous les Élus obtient le premier rang.
Au meſme tribunal, où tout Bon il reſide,	Au même tribunal, où tout Bon il réside,
La ſage Prouidence à l'Vniuers preſide,	La sage Providence à l’Univers préside,
Et plus bas, à ſes pieds, l'inflexible Deſtin	Et plus bas, à ses pieds, l’inflexible Destin
Recüeille les decrets du Iugement diuin.	Recueille les décrets du Jugement divin.
De ſon Eſtre incrée tout eſt la creature,	De son Être incréé tout est la créature,
Il voit rouler ſous luy l'ordre de la Nature,	Il voit rouler sous lui l’ordre de la Nature,
Des Elemens diuers eſt l'vnique lien,	Des Éléments divers est l’unique lien,
Le Pere de la Vie & la ſource du Bien.	Le Père de la Vie et la source du Bien.
Tranquille poſſeſſeur de ſa beatitude,	Tranquille possesseur de sa béatitude,
Il n'a le ſein trouble d’aucune inquietude,	Il n’a le sein trouble d’aucune inquiétude,
Et voyant tout ſujet aux loix du changement,	Et voyant tout sujet aux lois du changement,
Seul, par luy-meſme en ſoy, dure eternellement.	Seul, par lui-même en soi, dure éternellement.
Ce qu'il veut vne fois eſt vne loy fatale,	Ce qu’il veut une fois est une loi fatale,
Qui touſiours, malgré tout, à ſoy-meſme eſt egale,	Qui toujours, malgré tout, à soi-même est égale,
Sans que rien ſoit ſi fort, qu'il le puiſſe obliger	Sans que rien soit si fort, qu’il le puisse obliger
A ſe laiſſer jamais, ni fléchir, ni changer.	À se laisser jamais, ni fléchir, ni changer.
Du pecheur repenty la plainte lamentable,	Du pécheur repenti la plainte lamentable,
Seule peut eſbranler ſon vouloir immuable,	Seule peut ébranler son vouloir immuable,
Et forçant ſa juſtice, & ſa ſeuerité,	Et forçant sa justice, et sa sévérité,
Arracher le tonnerre à ſon bras irrité.	Arracher le tonnerre à son bras irrité.
Du Prince humilié la feruente priere,	Du Prince humilié la fervente prière,
Penetra juſqu'au fond l'abyſme de lumiere,	Pénétra jusqu’au fond l’abîme de lumière,
Emut Dieu dans ſon throſne, & pleine de vigueur,	Émut Dieu dans son trône, et pleine de vigueur,
Pour le bien des François ammollit ſa rigueur.	Pour le bien des Français amollit sa rigueur.
La Vierge Mere alors, la celeſte Marie,	La Vierge Mère alors, la céleste Marie,
D'vn mal ſi deplorable ayant l'ame atendrie,	D’un mal si déplorable ayant l’âme attendrie,
Conjure l'Eternel de finir leurs malheurs,	Conjure l’Éternel de finir leurs malheurs,
Et parle auec la voix, les ſouſpirs & les pleurs.	Et parle avec la voix, les soupirs et les pleurs.
Contemple, luy dit-elle, ô Monarque ſupreme,	Contemple, lui dit-elle, ô Monarque suprême,
Tes François accablés ſous leur miſere extreme,	Tes Français accablés sous leur misère extrême,
Et te ſatisfaiſant des maux qu'ils ont ſoufferts,	Et te satisfaisant des maux qu’ils ont soufferts,
Vueille les garantir du treſpas & des fers.	Veuille les garantir du trépas et des fers.
Il n'eſt point de mortel, qui d'vn ſemblable zele,	Il n’est point de mortel, qui d’un semblable zèle,
Ait jamais confeſſé ton Eſſence immortelle,	Ait jamais confessé ton Essence immortelle,
Ni qui d'vn ſentiment ſi plein d’humilité,	Ni qui d’un sentiment si plein d’humilité,
Ait rendu ſon hommage à ta Diuinité.	Ait rendu son hommage à ta Divinité.
Qu'il ſerue à ces pecheurs, pour appaiſer ton ire,	Qu’il serve à ces pécheurs, pour apaiser ton ire,
D'auoir en l'Vniuers fait fleurir ton Empire,	D’avoir en l’Univers fait fleurir ton Empire,
Et d'vn cœur en ta foy pleinement confirmé,	Et d’un cœur en ta foi pleinement confirmé,
Touſiours dans leurs beſoins ton pouuoir reclamé.	Toujours dans leurs besoins ton pouvoir réclamé.
Dieu reſpond à la Vierge. Au ſon de ſes paroles,	Dieu répond à la Vierge. Au son de ses paroles,
La machine des Cieux chancelle ſur ſes poles,	La machine des Cieux chancelle sur ses pôles,
Le feu brille d’éclairs, l'air de foudres fremit,	Le feu brille d’éclairs, l’air de foudres frémit,
La mer eſt agitée, & la terre gemit.	La mer est agitée, et la terre gémit.
Soit, dit le Tout puiſſant, & ceſſe ma colere;	Soit, dit le Tout puissant, et cesse ma colère;
Que le François pour luy m'eſprouue moins ſeuere,	Que le Français pour lui m’éprouve moins sévère,
Qu'à la rigueur en fin ſuccede la douceur;	Qu’à la rigueur en fin succède la douceur;
I'accorde ſon ſalut à ſon Interceſſeur.	J’accorde son salut à son Intercesseur.
Ie le veux de ma main tirer du precipice,	Je le veux de ma main tirer du précipice,
Ie veux que de la mort mon bras ſeul l'affranchiſſe,	Je veux que de la mort mon bras seul l’affranchisse,
Et que deſeſperé de tout ſecours humain,	Et que désespéré de tout secours humain,
En la main d'vne Fille il connoiſſe ma main.	En la main d’une Fille il connaisse ma main.
Pour honnorer ton ſexe, & releuer ſa gloire,	Pour honorer ton sexe, et relever sa gloire,
Ie veux qu'en ce combat il gaigne la victoire,	Je veux qu’en ce combat il gagne la victoire,
Que du ſexe robuſte il ſoit le ferme appuy,	Que du sexe robuste il soit le ferme appui,
Et qu'en le ſouſtenant il triomphe pour luy.	Et qu’en le soutenant il triomphe pour lui.
Ie veux que des Anglois la longue tyrannie,	Je veux que des Anglais la longue tyrannie,
Par ce foible inſtrument, ſoit à la fin punie,	Par ce faible instrument, soit à la fin punie,
Et que par ſes efforts leur orgueil abbatu,	Et que par ses efforts leur orgueil abattu,
Face dans le bas Monde éclater ma vertu.	Face dans le bas Monde éclater ma vertu.
La bien-heureuſe Cour, dans vn profond ſilence,	La bienheureuse Cour, dans un profond silence,
Entend du Roy des Roys la ſacrée ordonnance,	Entend du Roi des Rois la sacrée ordonnance,
Puis, d'vn ton de tranſport & d'applaudiſſement,	Puis, d’un ton de transport et d’applaudissement,
Benit à haute voix le diuin jugement.	Bénit à haute voix le divin jugement.
Pour accomplir ſon Oeuure, auſſi-toſt il commande	Pour accomplir son Œuvre, aussitôt il commande
A l'vn des Meſſagers de l'Angelique bande,	À l’un des Messagers de l’Angélique bande,
Qu'il aille vers l'Ardenne, & trouue dans ſon bois	Qu’il aille vers l’Ardenne, et trouve dans son bois
La Fille deſtinée à ſauuer les François.	La Fille destinée à sauver les Français.
Que, par les traits ardens d'vn celeſte langage,	Que, par les traits ardents d’un céleste langage,
Il allume en ſon cœur l'heroique courage,	Il allume en son cœur l’héroïque courage,
Qu'il diſpoſe ſon bras aux grandes actions,	Qu’il dispose son bras aux grandes actions,
Et chaſſe de ſon ſein les baſſes paſſions.	Et chasse de son sein les basses passions.
Sur les confins douteux de France & de Lorraine,	Sur les confins douteux de France et de Lorraine,
Vne eſpaiſſe foreſt s'auance dans la plaine,	Une épaisse forêt s’avance dans la plaine,
Ou des arbres chenus les troncs deſmeſurés	Ou des arbres chenus les troncs démesurés
Sont, malgré mille hyuers, par le Temps reuerés.	Sont, malgré mille hivers, par le Temps révérés.
Sous leur branchage courbe, & leur feüille touffüe,	Sous leur branchage courbe, et leur feuille touffue,
L'or des rayons du jour ne frappe point la veüe,	L’or des rayons du jour ne frappe point la vue,
Et le brillant Soleil, quand plus fort il reluit,	Et le brillant Soleil, quand plus fort il reluit,
N'en ſçait point eſcarter les ombres de la nuit.	N’en sait point écarter les ombres de la nuit.
Là domine la Paix, là le Repos habite,	Là domine la Paix, là le Repos habite,
Là, ni meute, ni trompe, aucun bruit ne ſuſcite,	Là, ni meute, ni trompe, aucun bruit ne suscite,
Là, les rampans ruiſſeaux coulent ſans murmurer,	Là, les rampants ruisseaux coulent sans murmurer,
Et là le plus doux vent n'oſeroit ſouſpirer.	Et là le plus doux vent n’oserait soupirer.
A l'abord de ce bois, d'vne ſoudaine crainte,	À l’abord de ce bois, d’une soudaine crainte,
Les errans voyageurs ſentent leur ame atteinte,	Les errants voyageurs sentent leur âme atteinte,
Et cent fantoſmes vains à tous coups ſe formant,	Et cent fantômes vains à tous coups se formant,
Paſſent ſes noirs ſentiers auec fremiſſement.	Passent ses noirs sentiers avec frémissement.
En cet affreux ſejour, vne modeſte Fille,	En cet affreux séjour, une modeste Fille,
Lhonneur de ſon pays, & l'heur de ſa famille,	L'honneur de son pays, et l’heur de sa famille,
Sous le tranquille abry des ombrages couuerts,	Sous le tranquille abri des ombrages couverts,
Adore inceſſamment l'Autheur de l'Vniuers.	Adore incessamment l’Auteur de l’Univers.
Vn trouppeau de brebis, ainſi qu'elle innocentes,	Un troupeau de brebis, ainsi qu’elle innocentes,
Occupe de ſes ans les forces impuiſſantes,	Occupe de ses ans les forces impuissantes,
Dans ce ſimple exercice elle regne en ces lieux,	Dans ce simple exercice elle règne en ces lieux,
Mais ſon cœur a pour but de regner dans les Cieux.	Mais son cœur a pour but de régner dans les Cieux.
La grandeur du Tres-haut eſt ſon objet vnique,	La grandeur du Très-haut est son objet unique,
Elle en repaiſt le feu de ſon amour pudique,	Elle en repait le feu de son amour pudique,
Et, par les vifs elans de ſa deuote ardeur,	Et, par les vifs élans de sa dévote ardeur,
Monte juſqu'à ſa gloire, & ſouſtient ſa ſplendeur.	Monte jusqu’à sa gloire, et soutient sa splendeur.
Sur le Lion bruſlant l'Aſtre de la lumiere,	Sur le Lion brûlant l’Astre de la lumière,
Marchoit auec lenteur dans ſa longue carriere,	Marchait avec lenteur dans sa longue carrière,
Et racourciſſant l'ombre en ralongeant le jour,	Et raccourcissant l’ombre en rallongeant le jour,
Eſclairoit aux mortels du plus haut de ſon tour.	Éclairait aux mortels du plus haut de son tour.
L’Ange, en ce meſme temps, vient d'vne aile legere	L’Ange, en ce même temps, vient d’une aile légère
Porter le grand meſſage à la ſainte Bergere,	Porter le grand message à la sainte Bergère,
De pompe reueſtu, de ſplendeur couronné,	De pompe revêtu, de splendeur couronné,
Et d'vn globe de feu par tout enuironné.	Et d’un globe de feu par tout environné.
Plus pront que n'eſt l’éclair qui preuient le tonnerre,	Plus prompt que n’est l’éclair qui prévient le tonnerre,
De ſphere en ſphere il paſſe, & deſcend vers la terre;	De sphère en sphère il passe, et descend vers la terre;
Le Monde voit ſa chute auec eſtonnement,	Le Monde voit sa chute avec étonnement,
Et croit que le Soleil tombe du Firmament.	Et croit que le Soleil tombe du Firmament.
Ainſi, lors que la nuit couure tout de ſon voile,	Ainsi, lorsque la nuit couvre tout de son voile,
On apperçoit ſouuent vne brillante eſtoille,	On aperçoit souvent une brillante étoile,
Qui du Ciel ſe detache, & ſe precipitant,	Qui du Ciel se détache, et se précipitant,
Trace l'air tenebreux d'vn ſillon éclatant.	Trace l’air ténébreux d’un sillon éclatant.
Il tombe ſur le bois, où la Fille medite,	Il tombe sur le bois, où la Fille médite,
L'ombrage s'en eſloigne, & ces flammes euite;	L’ombrage s’en éloigne, et ces flammes évite;
Il n'eſt tronc ni rameau, qui n'en ſemble doré,	Il n’est tronc ni rameau, qui n’en semble doré,
Et le fort le plus noir en demeure éclairé.	Et le fort le plus noir en demeure éclairé.
Ce nouuel accident interrompt ſa priere,	Ce nouvel accident interrompt sa prière,
De frayeur elle tremble, & ſille la paupiere,	De frayeur elle tremble, et cille la paupière,
Ses yeux perdent le jour, a forcé de clarté,	Ses yeux perdent le jour, a forcé de clarté,
Et d'vn trouble inconnu ſon cœur eſt agité.	Et d’un trouble inconnu son cœur est agité.
Du globe lumineux, qui brille autour de l’Ange,	Du globe lumineux, qui brille autour de l’Ange,
Sort vne voix alors, mais vne voix eſtrange,	Sort une voix alors, mais une voix étrange,
Dont le ſon pluſqu'humain, & les graues accens,	Dont le son plus qu’humain, et les graves accents,
Luy penetrent l'eſprit, & rauiſſent les ſens.	Lui pénètrent l’esprit, et ravissent les sens.
Bergere, dit la voix, Pucelle juſte & ſainte,	Bergère, dit la voix, Pucelle juste et sainte,
Calme ton tremblement, & diſſipe ta crainte,	Calme ton tremblement, et dissipe ta crainte,
Du Monarque Eternel je fuis l'Ambaſſadeur,	Du Monarque Éternel je fuis l’Ambassadeur,
Et te viens annoncer ta future grandeur.	Et te viens annoncer ta future grandeur.
Par ton bras aujourd'huy l'auguſte Prouidence	Par ton bras aujourd’hui l’auguste Providence
Veut redonner la vie aux Peuples de la France,	Veut redonner la vie aux Peuples de la France,
Et, pour leur bien monſtrer qu'ils la doiuent aux Cieux,	Et, pour leur bien montrer qu’ils la doivent aux Cieux,
Te vient tirer du fond de ces ſauuages lieux.	Te vient tirer du fond de ces sauvages lieux.
Ton bras ſera le bras du grand Dieu des armées,	Ton bras sera le bras du grand Dieu des armées,
L'Anglois verra par toy ſes forces conſumées,	L’Anglais verra par toi ses forces consumées,
Orleans deplore s'affranchira par toy,	Orléans déplore s’affranchira par toi,
Et par toy Rheims verra le Sacre de ſon Roy.	Et par toi Reims verra le Sacre de son Roi.
A ces faits merueilleux prepare ton courage,	À ces faits merveilleux prépare ton courage,
La gloire du Tres-haut luira ſur ton viſage,	La gloire du Très-haut luira sur ton visage,
Et, ſa vertu guerriere animant ta vertu,	Et, sa vertu guerrière animant ta vertu,
Fera mordre la terre à l'Anglois abatu.	Fera mordre la terre à l’Anglais abattu.
La Fille à ces grands mots oppoſe ſa foibleſſe,	La Fille à ces grands mots oppose sa faiblesse,
Ne peut, ni ne veut croire à la haute promeſſe,	Ne peut, ni ne veut croire à la haute promesse,
Et ſe renfermant toute en ſon humilité,	Et se renfermant toute en son humilité,
S'aneantit aux yeux de la Diuinité.	S’anéantit aux yeux de la Divinité.
Mais l'Ange qui l'obſerue, & qui voit ſa penſée,	Mais l’Ange qui l’observe, et qui voit sa pensée,
Ton ame en vain, dit-il, eſt icy balancée,	Ton âme en vain, dit-il, est ici balancée,
Dieu, le Dieu des combats, t'ordonne par ma voix,	Dieu, le Dieu des combats, t’ordonne par ma voix,
De partir, d'attaquer, de vaincre l'Anglois.	De partir, d’attaquer, de vaincre l’Anglais.
Puis, d'vn celeſte feu l'ombrageant toute entiere,	Puis, d’un céleste feu l’ombrageant toute entière,
Luy ſouffle du Seigneur la puiſſance guerriere,	Lui souffle du Seigneur la puissance guerrière,
Luy fait dans les regards éclater ſa terreur,	Lui fait dans les regards éclater sa terreur,
Et luy met dans les mains les traits de ſa fureur.	Et lui met dans les mains les traits de sa fureur.
Dans le ſein, à grands flots, il luy reſpand ſes graces,	Dans le sein, à grands flots, il lui répand ses grâces,
Il luy fait deſdaigner les entrepriſes baſſes,	Il lui fait dédaigner les entreprises basses,
Et la determinant aux actes valeureux,	Et la déterminant aux actes valeureux,
Luy donne vn auant-gouſt du ſort des Bien-heureux.	Lui donne un avant-goût du sort des Bienheureux.
Le jour s'eſteint alors, & le lieu ſolitaire	Le jour s’éteint alors, et le lieu solitaire
Demeure dans l'horreur de ſa nuit ordinaire,	Demeure dans l’horreur de sa nuit ordinaire,
Le ſilence y retourne, & ſon ombrage eſpais	Le silence y retourne, et son ombrage épais
Redeuient le ſejour du calme & de la paix.	Redevient le séjour du calme et de la paix.
Elle voit le deſert tout ſemblable à luy-meſme,	Elle voit le désert tout semblable à lui-même,
Mais elle ſent en elle vn changement extreme;	Mais elle sent en elle un changement extrême;
De cette nouueauté ſon eſprit eſt confus,	De cette nouveauté son esprit est confus,
Elle ſe cherche en elle, & ne s'y trouue plus.	Elle se cherche en elle, et ne s’y trouve plus.
Son trouppeau, ſa foreſt, ſes prés & ſes fontaines,	Son troupeau, sa forêt, ses prés et ses fontaines,
Pour elle deſormais ſont des images vaines,	Pour elle désormais sont des images vaines,
Dieu, l'Anglois, le François, les ſieges, les combats,	Dieu, l’Anglais, le Français, les sièges, les combats,
Seuls maintenant pour elle ont de dignes appas.	Seuls maintenant pour elle ont de dignes appas.
Pour ſauuer le Royaume elle prend la campagne,	Pour sauver le Royaume elle prend la campagne,
Rodolfe, ſon cher frere, en ſon cours l'accompagne;	Rodolphe, son cher frère, en son cours l’accompagne;
Elle ſe ſent vaillante, & ſa ſainte chaleur	Elle se sent vaillante, et sa sainte chaleur
L'excite à rechercher l'objet de ſa valeur.	L’excite à rechercher l’objet de sa valeur.
Par les lieux que Betford à reduits en ſeruage,	Par les lieux que Bedford à réduits en servage,
Elle fait en marchant vn perilleux voyage,	Elle fait en marchant un périlleux voyage,
Les champs & les Cités, les fleuues & les bois,	Les champs et les Cités, les fleuves et les bois,
Toute choſe eſt contre elle, en faueur de l’Anglois.	Toute chose est contre elle, en faveur de l’Anglais.
