IEVNE & victorieux Monarque	JEUNE et victorieux Monarque
Dõt les exploicts ſi glorieux	Dont les exploits si glorieux
Ont dõné de l'Enuie aux Dieux	Ont donné de l’Envie aux Dieux
Et de la frayeur à la Parque;	Et de la frayeur à la Parque;
Qu'attendez vous plus des Deſtins?	Qu’attendez-vous plus des Destins?
C'eſt aſſés puny de mutins,	C’est assez puni de mutins,
C'eſt aſſés deſmoli de Villes,	C’est assez démoli de Villes,
Nous ſçauons bien que deſormais	Nous savons bien que désormais
La fureur des guerres ciuiles	La fureur des guerres civiles
Ne nous ſçauroit oſter la paix.	Ne nous saurait ôter la paix.
LaiſſeZ-là ces terres Eſtranges	Laissez-là ces terres Étranges
Où vous faites tant de deſerts,	Où vous faites tant de déserts,
Boiſſet prepare des concerts,	Boisset prépare des concerts,
Et moy des vers à vos loüanges:	Et moi des vers à vos louanges:
Paris ne fut iamais ſi beau,	Paris ne fut jamais si beau,
Les ſources de Fontainebleau,	Les sources de Fontainebleau,
Rompant leurs petits flots de verre	Rompant leurs petits flots de verre
Contre les murs de leur rampars	Contre les murs de leur remparts
Ne murmurent que de la guerre	Ne murmurent que de la guerre
Qui les priue de vos regards.	Qui les prive de vos regards.
Dans les allegreſſes publiques,	Dans les allégresses publiques,
Meſme en celebrant vos vertus	Même en célébrant vos vertus
Nos viſages ſont abatus,	Nos visages sont abattus,
Et nos ames Melancholiques,	Et nos âmes Mélancoliques,
Vos exploits qu'on nous fait oüir	Vos exploits qu’on nous fait ouïr
Ne peuuent ſans nous reſiouir,	Ne peuvent sans nous réjouir,
Vous donner de la renommée,	Vous donner de la renommée,
Et ne peuuent ſans nous faſcher	Et ne peuvent sans nous fâcher
Expoſer au ſort de l’armée	Exposer au sort de l’armée
Vn Roy que nous auons ſi cher.	Un Roi que nous avons si cher.
Dans ce ſanglant mestier des armes	Dans ce sanglant métier des armes
Où vos bras ſont trop exercez.	Où vos bras sont trop exercés.
D'autant de ſang que vous verſez,	D’autant de sang que vous versez,
Le peuple verſe icy de larmes,	Le peuple verse ici de larmes,
Le Demon ennemy du iour,	Le Démon ennemi du jour,
Noye les Aſtres de la Cour	Noie les Astres de la Cour
Dans l'horreur de ſes fleuues ſombres,	Dans l’horreur de ses fleuves sombres,
Partage voſtre Eſtat aux morts,	Partage votre État aux morts,
Baſtit l’Empire de ſes ombres	Bâtit l’Empire de ses ombres
De la ruine de nos corps.	De la ruine de nos corps.
Si les fureurs eſtoient hardies	Si les fureurs étaient hardies
A ce point que leur cruauté	À ce point que leur cruauté
Attaqua voſtre majeſté,	Attaqua votre majesté,
De leurs funeſtes maladies,	De leurs funestes maladies,
Quelle ſi ſecourable main	Quelle si secourable main
Peut fournir le ſecours humain,	Peut fournir le secours humain,
Ou quell' aßiſtance diuine,	Ou quelle assistance divine,
Vous pourroit ſi ſoudain guerir,	Vous pourrait si soudain guérir,
Que la peur de noſtre ruine	Que la peur de notre ruine
Ne nous euſt pluſtoſt fait mourir.	Ne nous eût plutôt fait mourir.
ReueneZ au ſein de la France,	Revenez au sein de la France,
C'eſt où les Aſtres les plus doux	C’est où les Astres les plus doux
Encore pour l’amour de vous	Encore pour l’amour de vous
Adouciront leur influence,	Adouciront leur influence,
Tous les plus gracieux climats,	Tous les plus gracieux climats,
Qui ſans gresles & ſans frimats,	Qui sans grêles et sans frimats,
Peuuent accomplir leur année,	Peuvent accomplir leur année,
Dans leur plus fauorable iour,	Dans leur plus favorable jour,
N’ont rien d'eſgal à la iournée	N’ont rien d’égal à la journée
De voſtre bien-heureux retour.	De votre bienheureux retour.
Voſtre Demon tenant la guerre,	Votre Démon tenant la guerre,
Reduite à ſa deuotion,	Réduite à sa dévotion,
Laiſſe gronder l'Ambition	Laisse gronder l’Ambition
Des plus vaillans Roys de la terre,	Des plus vaillants Rois de la terre,
On n'en voit point du temps paſſé,	On n’en voit point du temps passé,
De qui le renom effacé	De qui le renom effacé
Ne vous rende vn muet hommage,	Ne vous rende un muet hommage,
Et le marbre deuant vos Lys,	Et le marbre devant vos Lys,
Eſt honteux de ſeruir d’Image	Est honteux de servir d’Image
A leurs exploits enſeuelis.	À leurs exploits ensevelis.
SOVVERAIN qui regis l'influence des vers,	SOUVERAIN qui régis l’influence des vers,
Außi bien que tu fais mouuoir tout l'Vniuers,	Aussi bien que tu fais mouvoir tout l’Univers,
Ame de nos eſprits qui dans noſtre naiſſance	Âme de nos esprits qui dans notre naissance
Inſpiras vn rayon de ta diuine eſſence.	Inspiras un rayon de ta divine essence.
Pourquoy ne m'as tu fait les ſentimens meilleurs?	Pourquoi ne m’as tu fait les sentiments meilleurs?
Pourquoy tes beaux treſors ſont-ils coulez ailleurs?	Pourquoi tes beaux trésors sont-ils coulés ailleurs?
Ie voy de toutes parts des eſcriuains ſans nombre,	Je vois de toutes parts des écrivains sans nombre,
Dont la grandeur à mis mon petit nom à l'ombre.	Dont la grandeur à mis mon petit nom à l’ombre.
Ie n'ay qu'vn pauure fonds d'vn mediocre eſprit,	Je n’ai qu’un pauvre fonds d’un médiocre esprit,
Où ie vay cultiuer ce que le Ciel m'apprit,	Où je vais cultiver ce que le Ciel m’apprit,
Des triſtes ſons rimeurs, d'vn ſtyle qui ſe treine,	Des tristes sons rimeurs, d’un style qui se traîne,
Eſpuiſant tous les iours ma languißãte veine,	Épuisant tous les jours ma languissante veine,
Si i'auois la vigueur de ces fameux Latins,	Si j’avais la vigueur de ces fameux Latins,
Ou l'eſprit de celuy qui força les Deſtins.	Ou l’esprit de celui qui força les Destins.
Qui vit à ces chanſons les Parques deſarmées,	Qui vit à ces chansons les Parques désarmées,
Et de tous les damneZ, les tortures charmées	Et de tous les damnés, les tortures charmées
Quand pour l'amour de luy le Prince des Enfers,	Quand pour l’amour de lui le Prince des Enfers,
Laiſſa viure Euridice, & la tira des fers,	Laissa vivre Eurydice, et la tira des fers,
Ou ſi c'eſt trop d'auoir ces merueilleux genies.	Ou si c’est trop d’avoir ces merveilleux génies.
Qu'à noſtre ſiecle infame à bon droit tu dénies.	Qu’à notre siècle infâme à bon droit tu dénies.
Ie me contenterois d'eſgaler en mon art	Je me contenterais d’égaler en mon art
La douceur de Malherbe ou l'ardeur de Ronſart,	La douceur de Malherbe ou l’ardeur de Ronsard,
Et mille autres encore, à qui ie fais hommage	Et mille autres encore, à qui je fais hommage
Et de qui ie ne ſuis que l'õbre & que l'image.	Et de qui je ne suis que l’ombre et que l’image.
Ie donnerois ma plume à ces ſoins violans	Je donnerais ma plume à ces soins violents
A peindre ces ſanglots & ces deſirs bruſlans,	À peindre ces sanglots et ces désirs brûlants,
Que depuis peu de iours quelque demõ allume	Que depuis peu de jours quelque démon allume
Dans mon sang où l'Amour se plaiſt & me consume.	Dans mon sang où l’Amour se plaît et me consume.
Si mes vers retenoient encore la ferueur	Si mes vers retenaient encore la ferveur
Qui les fit autrefois naistre pour la Faueur,	Qui les fit autrefois naître pour la Faveur,
Et tant d’escrits perdus que pour chanter leur flame,	Et tant d’écrits perdus que pour chanter leur flamme,
Mille de mes amis m'ont arraché de l'ame.	Mille de mes amis m’ont arraché de l’âme.
O Cloris qui te sçais ſi bien faire adorer!	Ô Cloris qui te sais si bien faire adorer!
Qui l'Ame par les yeux m'as peu ſi biẽ tirer,	Qui l’Âme par les yeux m’as pu si bien tirer,
Beauté que deſormais ie nõmeray mõ Ange,	Beauté que désormais je nommerai mon Ange,
Ie les conſacrerois ſans doubte à ta loüange,	Je les consacrerais sans doute à ta louange,
I'ay ſi peur que ma Muſe ait perdu ces appas,	J’ai si peur que ma Muse ait perdu ces appas,
A flater vainement ceux que ie n'aime pas,	À flatter vainement ceux que je n’aime pas,
Que ma plus belle ardeur auiourd'huy ſe retire,	Que ma plus belle ardeur aujourd’hui se retire,
M'eſtant ſi neceſſaire à ce nouueau martire,	M’étant si nécessaire à ce nouveau martyre,
Et qu'au meilleur beſoin mes esprits finißãs,	Et qu’au meilleur besoin mes esprits finissants,
Ne me fourniſſent plus que des vers languiſſans,	Ne me fournissent plus que des vers languissants,
Mon eſprit espuiſé dãs des trauaux funeſtes	Mon esprit épuisé dans des travaux funestes
N'aura pour ton ſubiect rien gardé que des reſtes.	N’aura pour ton sujet rien gardé que des restes.
Cloris ie le confeſſe & qu'en ce beau deſſein	Cloris je le confesse et qu’en ce beau dessein
Mon ardeur s'amortit en mon timide ſein,	Mon ardeur s’amortit en mon timide sein,
Mais le feu de l'amour qui s'eſt rendu le maiſtre,	Mais le feu de l’amour qui s’est rendu le maître,
De tous mes ſentimẽs la peut faire renaiſtre,	De tous mes sentiments la peut faire renaître,
Et ſa douce fureur par vn traict de tes yeux,	Et sa douce fureur par un trait de tes yeux,
Peut rendre à mon esprit ce qu’il auoit de mieux.	Peut rendre à mon esprit ce qu’il avait de mieux.
Ainſi ſur cet eſpoir dont ta beauté me flatte,	Ainsi sur cet espoir dont ta beauté me flatte,
Ta beauté dont le feu par tous moyens eſclate:	Ta beauté dont le feu par tous moyens éclate:
Encore mon eſprit oZe ſe faire fort	Encore mon esprit ose se faire fort
De ſauuer ton merite & mõ nom de la mort.	De sauver ton mérite et mon nom de la mort.
Ie conçois vn Poëme en l'ardeur qui me pique,	Je conçois un Poème en l’ardeur qui me pique,
De ce vaſte deſſein qu'on appelle heroïque.	De ce vaste dessein qu’on appelle héroïque.
Ie ſçay que les François n'ont pas encor appris	Je sais que les Français n’ont pas encor appris
De pouſſer dans ces champs leurs delicats eſprits,	De pousser dans ces champs leurs délicats esprits,
Je me veux engager à ce penible ouurage,	Je me veux engager à ce pénible ouvrage,
Car tu m'en fourniras la force & le courage,	Car tu m’en fourniras la force et le courage,
Si ie ſuis le premier à ce diuin effort,	Si je suis le premier à ce divin effort,
Ce n'eſt à mon aduis que le plaiſir du ſort,	Ce n’est à mon avis que le plaisir du sort,
Qui voulant que premier ceſte œuure i'eſcriuiſſe,	Qui voulant que premier cette œuvre j’écrivisse,
Voulut que le premier ceſte beauté ie viſſe,	Voulut que le premier cette beauté je visse,
Et que dans tes appas ie prinſſe vne chaleur,	Et que dans tes appas je prisse une chaleur,
Où les ſœurs d'Apollon n'ont rien donné du leur,	Où les sœurs d’Apollon n’ont rien donné du leur,
Où rien que ton obiet ma paſſion n'allume,	Où rien que ton objet ma passion n’allume,
Où ie n'ay que ta main pour conduire ma plume,	Où je n’ai que ta main pour conduire ma plume,
O Dieux pourray-ie bien ſans vous faſcher vn peu!	Ô Dieux pourrai-je bien sans vous fâcher un peu!
Suiure les mouuemens de mon aueugle feu!	Suivre les mouvements de mon aveugle feu!
Deſ-ia comme l'amour m'engage à la furie,	Déjà comme l’amour m’engage à la furie,
Ie croy que l'adorer n'eſt pas idolatrie,	Je crois que l’adorer n’est pas idolâtrie,
Deuſſe-ie deſpiter voſtre diuin couroux,	Dussé-je dépiter votre divin courroux,
Tout ce que i'en veux dire eſt au deſſous de vous,	Tout ce que j’en veux dire est au-dessous de vous,
S'il vous plaiſt que le monde vniquement vous ayme,	S’il vous plaît que le monde uniquement vous aime,
Si vous voulez purger la terre du blaſpheme,	Si vous voulez purger la terre du blasphème,
Faire que les mortels rendent la liberté	Faire que les mortels rendent la liberté
De leurs deſirs peruers à voſtre volonté,	De leurs désirs pervers à votre volonté,
Sans les eſpouuanter de l'eſclat du tonnerre,	Sans les épouvanter de l’éclat du tonnerre,
Changez vous en Cloris, & veneZ ſur la terre,	Changez vous en Cloris, et venez sur la terre,
Alors de voſtre Amour ils ſeront tous rauis,	Alors de votre Amour ils seront tous ravis,
Alors abſolument vous en ſerez ſeruis,	Alors absolument vous en serez servis,
Il eſt vray que tout cede à l'amoureuſe peine,	Il est vrai que tout cède à l’amoureuse peine,
Que Paris & ſa ville ont bruſlé pour Helene,	Que Paris et sa ville ont brûlé pour Hélène,
Et les antiquitez font voir au curieux,	Et les antiquités font voir au curieux,
Que l'Aube miſt Titon dans le ſiege des Dieux,	Que l’Aube mit Tithon dans le siège des Dieux,
Et de tant de beauteZ qui furent les Maiſtreſſes	Et de tant de beautés qui furent les Maîtresses
De l'aiſné de Saturne on en fait des Deeſſes,	De l’aîné de Saturne on en fait des Déesses,
Qui n’ont eſté pourtant non plus que leur Amant,	Qui n’ont été pourtant non plus que leur Amant,
Que le triste butin d’vn mortel monument,	Que le triste butin d’un mortel monument,
Mais d'autant que l'Amour eſt le bien de la vie,	Mais d’autant que l’Amour est le bien de la vie,
Qui ſeul ne peut iamais eſteindre ſon enuie,	Qui seul ne peut jamais éteindre son envie,
Qui touſiours dans la peine espere le plaiſir,	Qui toujours dans la peine espère le plaisir,
Qui dans la reſiſtance augmente le deſir,	Qui dans la résistance augmente le désir,
Et que les corps humains de ceſte douce flame,	Et que les corps humains de cette douce flamme,
Suiuent iuſqu’à la fin les derniers traits de l'Ame.	Suivent jusqu’à la fin les derniers traits de l’Âme.
On a creu de l'Amour qu'il eſtoit immortel.	On a cru de l’Amour qu’il était immortel.
Et qu'auſsi ſon ſubiect ne peut eſtre que tel,	Et qu’aussi son sujet ne peut être que tel,
Ainſi ces Dieux Païens furent ce que nous ſommes,	Ainsi ces Dieux Païens furent ce que nous sommes,
Ainſi les vrais Amans ſeront plus que les hommes,	Ainsi les vrais Amants seront plus que les hommes,
Pour moy qui n'ay ſouffert que d'vn iour ſeulement	Pour moi qui n’ai souffert que d’un jour seulement
Ie n'oZe m'aſſeurer de paſſer pour Amant,	Je n’ose m’assurer de passer pour Amant,
Ie ne ſçay ſi l'Amour me croit de ſon Empire,	Je ne sais si l’Amour me croit de son Empire,
Depuis ſi peu de temps qu’il voit que ie ſouſpire,	Depuis si peu de temps qu’il voit que je soupire,
Il faut bien que ce ſoit vn obiect violent,	Il faut bien que ce soit un objet violent,
Pour me donner ſi toſt vn deſir ſi bruſlant,	Pour me donner sitôt un désir si brûlant,
Ou que mon Ame ſoit d’vne matiere aiſée,	Ou que mon Âme soit d’une matière aisée,
Et d’vne humeur bien prompte à ſe voir embraſée,	Et d’une humeur bien prompte à se voir embrasée,
Ce feu bruſle ſi viſte à force qu'il me plaist,	Ce feu brûle si vite à force qu’il me plaît,
Qu'à peine ay-ie loiſir de regarder qu'il eſt,	Qu’à peine ai-je loisir de regarder qu’il est,
Les Dieux qui peuuẽt tout auec les Deſtinées,	Les Dieux qui peuvent tout avec les Destinées,
S’aident de mille maux et de beaucoup d’années.	S’aident de mille maux et de beaucoup d’années.
Et faut que des Soleils l’vn l’autre ſe ſuiuans,	Et faut que des Soleils l’un l’autre se suivant,
A force d'eſclairer eſteignent les viuans,	À force d’éclairer éteignent les vivants,
Qu'vn ſiecle ce flambeau paſſe ſur noſtre vie,	Qu’un siècle ce flambeau passe sur notre vie,
Et Cloris d'vn trait d’œil me l'a deſ-ia rauie.	Et Cloris d’un trait d’œil me l’a déjà ravie.
Mes ſens enueloppez dans vn profond ſommeil,	Mes sens enveloppés dans un profond sommeil,
Ne ſçauẽt plus que c'eſt des clartez du Soleil,	Ne savent plus que c’est des clartés du Soleil,
Mes premiers ſentimẽs ſont dãs la ſepulture,	Mes premiers sentiments sont dans la sépulture,
Ton Amour, ô Cloris, a changé ma nature,	Ton Amour, ô Cloris, a changé ma nature,
L'eſclat des Diamans ny du plus beau metal,	L’éclat des Diamants ni du plus beau métal,
Bacchus ton Dieu qu'il est, riant dans le criſtal.	Bacchus ton Dieu qu’il est, riant dans le cristal.
Au pris de tes regards n'ont point trouué la voye	Au pris de tes regards n’ont point trouvé la voie
Qui conduit dans mon ame vne parfaite ioye,	Qui conduit dans mon âme une parfaite joie,
Si le ſort me donnoit la qualité de Roy,	Si le sort me donnait la qualité de Roi,
Si les plus chers plaiſirs s’adreſſoient tous à moy,	Si les plus chers plaisirs s’adressaient tous à moi,
Si i'eſtois Empereur de la terre & de l'onde,	Si j’étais Empereur de la terre et de l’onde,
Si de ma propre main i'auois baſty le monde,	Si de ma propre main j’avais bâti le monde,
Et comme le Soleil de mes regards produict	Et comme le Soleil de mes regards produit
Tout ce que l'Vniuers a de fleur & de fruict,	Tout ce que l’Univers a de fleur et de fruit,
Si cela m'arriuoit ie n'aurois pas tant d’aiſe,	Si cela m’arrivait je n’aurais pas tant d’aise,
Ni tant de vanité que ſi Cloris me baiſe,	Ni tant de vanité que si Cloris me baise,
Mais i'entẽs d’vn baiſer où le cœur puiſſe aller,	Mais j’entends d’un baiser où le cœur puisse aller,
Auec les mouuemens des yeux & du parler,	Avec les mouvements des yeux et du parler,
Que ſon ame ſans peine auec moy s’entretienne,	Que son âme sans peine avec moi s’entretienne,
Et que ſa volonté ſeconde vn peu la mienne.	Et que sa volonté seconde un peu la mienne.
Amans qui vous piqueZ vers vn obiect forcé.	Amants qui vous piquez vers un objet forcé.
Qui ne ſçauez que c'eſt d’vn baiſer bien preſſé,	Qui ne savez que c’est d’un baiser bien pressé,
Qui ne trouueZ l'Amour que dans la tyrannie,	Qui ne trouvez l’Amour que dans la tyrannie,
Et n'aymez les faueurs qu'en tant qu’on le vous nie,	Et n’aimez les faveurs qu’en tant qu’on le vous nie,
Que vous eſtes heureux en vos laſches deſirs,	Que vous êtes heureux en vos lâches désirs,
Puis que meſme vos maux font naiſtre vos plaiſirs.	Puisque même vos maux font naître vos plaisirs.
Pour moy chere Cloris, ie n'en ſuis pas de meſme,	Pour moi chère Cloris, je n’en suis pas de même,
Ie ne ſçaurois aymer ſi ie ne voy qu'on m'ayme,	Je ne saurais aimer si je ne vois qu’on m’aime,
Et ſi peu qu'on refuſe à ma ſaincte amitié,	Et si peu qu’on refuse à ma sainte amitié,
Ie ſens que mon ardeur decroiſt de la moitié,	Je sens que mon ardeur décroît de la moitié,
I'entens que le ſalaire égale mon ſeruice,	J’entends que le salaire égale mon service,
Ie penſe qu'autrement la conſtance eſt vn vice,	Je pense qu’autrement la constance est un vice,
Qu'Amour hait ces eſprits qui luy ſont trop deuots,	Qu’Amour hait ces esprits qui lui sont trop dévots,
Et que la patience eſt la vertu des ſots,	Et que la patience est la vertu des sots,
Ce que ie dis Cloris auec plus d’aſſeurance,	Ce que je dis Cloris avec plus d’assurance,
Dautant que ie te voy flater mon eſperance,	D'autant que je te vois flatter mon espérance,
Et que pour nous tenir dans ceſt heureux lien,	Et que pour nous tenir dans cet heureux lien,
Ie voy deſ-ia d'accord ton eſprit & le mien,	Je vois déjà d’accord ton esprit et le mien,
Aymons nous ie te prie, lors que mon viſage	Aimons-nous je te prie, lorsque mon visage
Te voudra rebuter ou mon poil ou mon age,	Te voudra rebuter ou mon poil ou mon âge,
Regarde en mon eſprit où i'ay mis tõ tableau,	Regarde en mon esprit où j’ai mis ton tableau,
Lors tu verras en moy quelque choſe de beau,	Lors tu verras en moi quelque chose de beau,
Tu te verras logée en vn petit Empire,	Tu te verras logée en un petit Empire,
Où l'eſprit de l'amour auecques moy ſouſpire,	Où l’esprit de l’amour avec moi soupire,
Il ſe tient glorieux de receuoir ta loy,	Il se tient glorieux de recevoir ta loi,
Et ſemble qu'il pourſuit meſme deſſein que moy,	Et semble qu’il poursuit même dessein que moi,
Si ie vay dans tes yeux il y va prendre place,	Si je vais dans tes yeux il y va prendre place,
Ie ne voy là dedans que ſes traicts & ma face,	Je ne vois là-dedans que ses traits et ma face,
Ie doubte s'il y fait ou mon bien ou mon mal,	Je doute s’il y fait ou mon bien ou mon mal,
Et ne ſçay plus s’il eſt mon maiſtre ou mon riual:	Et ne sais plus s’il est mon maître ou mon rival:
Ie cognois bien l'Amour, ie ſçay qu’il eſt perfide,	Je connais bien l’Amour, je sais qu’il est perfide,
Et ſi pour le chaſſer ie ſuis vn peu timide,	Et si pour le chasser je suis un peu timide,
Je luy feray touſiours vn traictement humain,	Je lui ferai toujours un traitement humain,
Puis que ie l'ay receu d’vne ſi bonne main.	Puisque je l’ai reçu d’une si bonne main.
Puis que c'eſt toy Cloris, apres l'auoir fait naistre,	Puis que c’est toi Cloris, après l’avoir fait naître,
Qui l'as mis dans mon ame, où ton œil eſt le maiſtre,	Qui l’as mis dans mon âme, où ton œil est le maître,
Où tu vis abſolüe en tes commandemens,	Où tu vis absolue en tes commandements,
Où ton vouloir preſide à tous mes ſentimẽs,	Où ton vouloir préside à tous mes sentiments,
C'eſt par toy que ces vers d’vne veine animée,	C’est par toi que ces vers d’une veine animée,
S'en vont à ma faueur flater la renommée,	S’en vont à ma faveur flatter la renommée,
Mais ie diray par tout que tes ſeules beautez	Mais je dirai partout que tes seules beautés
Ont eſté le Demon qui me les a dictez,	Ont été le Démon qui me les a dictés,
Et tant que tes regards luyront à ma penſée,	Et tant que tes regards luiront à ma pensée,
Sans ouurir vne veine aucunement forcée.	Sans ouvrir une veine aucunement forcée.
Ma Muſe ſe promet de meriter vn iour,	Ma Muse se promet de mériter un jour,
Que ſes vers ſoient nommez les fruicts de ton Amour,	Que ses vers soient nommés les fruits de ton Amour,
Autant que ton humeur ayme la Poëſie,	Autant que ton humeur aime la Poésie,
Je te prie ô Cloris, aide ma freneſie:	Je te prie ô Cloris, aide ma frénésie:
Et puis que ie m'engage à ce diuin proiect,	Et puisque je m’engage à ce divin project,
Ne te laſſe iamais de me ſeruir d’obiect,	Ne te lasse jamais de me servir d’objet,
Auiourd'huy donne moy tes beaux cheueux à peindre,	Aujourd’hui donne moi tes beaux cheveux à peindre,
Tu verras vne plume au Pactole ſe teindre,	Tu verras une plume au Pactole se teindre,
Et d’vne lettre d’or grauer ſelon mes veux,	Et d’une lettre d’or graver selon mes veux,
Mon ame entrelaſſée auecques tes cheueux.	Mon âme entrelacée avec tes cheveux.
Ie ne veux point laiſſer ma paßion viſiue,	Je ne veux point laisser ma passion visive,
Ma veine eſt pour Cloris & ſans fond, & ſans riue.	Ma veine est pour Cloris et sans fond, et sans rive.
Demain ie deſcriray ſes yeux & ce beau front,	Demain je décrirai ses yeux et ce beau front,
Pour elle mon genie eſt abondant & prompt,	Pour elle mon génie est abondant et prompt,
Et pour voir que ma veine en ce ſubiet tariſſe,	Et pour voir que ma veine en ce sujet tarisse,
Il faudra veoir plutoſt que sa beauté periſſe,	Il faudra voir plutôt que sa beauté périsse,
Que mes yeux dans ses yeux ne trouuent plus d'Amour,	Que mes yeux dans ses yeux ne trouvent plus d’Amour,
C'eſt à dire, il faut voir perir l'Aſtre du iour:	C’est à dire, il faut voir périr l’Astre du jour:
Car ie ne pense point que ses attraicts ſuccombent,	Car je ne pense point que ses attraits succombent,
Soubs l'iniure des ans, tant que les Cieux ne tombent,	Sous l’injure des ans, tant que les Cieux ne tombent,
Ils se r'enforceront au lieu de defaillir,	Ils se renforceront au lieu de défaillir,
Comme l'or s'embellit à force de vieillir.	Comme l’or s’embellit à force de vieillir.
Et comme le Soleil à qui le vieil vsage,	Et comme le Soleil à qui le vieil usage,
N'a point oſté l'ardeur, ny changé le visage,	N’a point ôté l’ardeur, ni changé le visage,
Toutefois il n'importe à mon contentement,	Toutefois il n’importe à mon contentement,
Que mõ Soleil esclaire ou meure prõptement:	Que mon Soleil éclaire ou meure promptement:
Puis que deſia ma vie à demy consommee,	Puisque déjà ma vie à demi consommée,
Ne se peut aſſeurer d’eſtre long temps aimée,	Ne se peut assurer d’être longtemps aimée,
Que ie doibs defaillir à ce diuin flambeau,	Que je dois défaillir à ce divin flambeau,
Et perdre auecque moy sa memoire au tõbeau	Et perdre avec moi sa mémoire au tombeau
Mais tãdis que le Ciel me souffrira de viure,	Mais tandis que le Ciel me souffrira de vivre,
Et que le traict d'Amour me daignera poursuiure,	Et que le trait d’Amour me daignera poursuivre,
Ie me yeux consommer dans ce plaiſir charmant,	Je me veux consommer dans ce plaisir charmant,
Et me resouls de viure & mourir en aymant,	Et me résous de vivre et mourir en aimant,
Ie sçay bien que Cloris ne me veut pas contraindre	Je sais bien que Cloris ne me veut pas contraindre
Au ſoin perpetuel de seruir & de craindre,	Au soin perpétuel de servir et de craindre,
Qu'elle a des mouuemens ſubiets à la pitié,	Qu’elle a des mouvements sujets à la pitié,
Et qu'au moins ſa raiſon ſonge à mon amitié.	Et qu’au moins sa raison songe à mon amitié.
Cloris ſi ie venois aueuglé de tes charmes,	Cloris si je venais aveuglé de tes charmes,
Le cœur tout en ſouſpirs, & les yeux tous en larmes,	Le cœur tout en soupirs, et les yeux tous en larmes,
Demander inſtamment vn Amoureux plaiſir,	Demander instamment un Amoureux plaisir,
Ie croy que ton amour m'en laiſſeroit choiſi:	Je crois que ton amour m’en laisserait choisi:
Maintenant que le Ciel deſpoüille les nuages	Maintenant que le Ciel dépouille les nuages
Que le front du printemps menaſſe les orages,	Que le front du printemps menasse les orages,
Que les champs comme toy paroiſſent embellis	Que les champs comme toi paraissent embellis
De quantité d’œillets, de rozes & de lis:	De quantité d’œillets, de roses et de lis:
Que tout eſt ſur la terre, & qu'vn humeur feconde,	Que tout est sur la terre, et qu’un humeur féconde,
Qu'attire le Soleil, fait raieunir le monde,	Qu’attire le Soleil, fait rajeunir le monde,
Comme ſi i'auois part à la fureur des Cieux	Comme si j’avais part à la fureur des Cieux
Qui redonne l'enfance à ces bocages vieux.	Qui redonne l’enfance à ces bocages vieux.
Et que ce renouueau qui rend tout agreable,	Et que ce renouveau qui rend tout agréable,
Me rendit à tes yeux plus ieune & plus aimable,	Me rendit à tes yeux plus jeune et plus aimable,
Ie te veux coniurer auec des vœux diſcrets,	Je te veux conjurer avec des vœux discrets,
De paſſer auec moy quelques momens ſecrets	De passer avec moi quelques moments secrets
Nous irons dans des bois ſous des feüillage ſombres,	Nous irons dans des bois sous des feuillage sombres,
Où iamais le ſoleil n'a ſceu forcer les ombres,	Où jamais le soleil n’a su forcer les ombres,
Perſonne là dedans n'entendra nos Amours:	Personne là-dedans n’entendra nos Amours:
Car ie veux que les vents reſpectent nos diſcours,	Car je veux que les vents respectent nos discours,
Et que chaque ruiſſeau plus viſtement s’enfuye,	Et que chaque ruisseau plus vitement s’enfuie,
De deuant tes regards, de peur qu’il ne t’ennuye,	De devant tes regards, de peur qu’il ne t’ennuie,
Maintenant que le Roy s'eſloigne de Paris,	Maintenant que le Roi s’éloigne de Paris,
Suiuy de tant de gens au carnage nourris,	Suivi de tant de gens au carnage nourris,
Qui dans ces chauds climats vont requerir les reſtes	Qui dans ces chauds climats vont requérir les restes
Du danger des cõbats & de celuy des peſtes.	Du danger des combats et de celui des pestes.
Il faut que ie le ſuiue, & Dieu ſans me punir,	Il faut que je le suive, et Dieu sans me punir,
Cloris ne te ſçauroit empeſcher d'y venir,	Cloris ne te saurait empêcher d’y venir,
Si tu fais ce voyage, & mon amour te prie	Si tu fais ce voyage, et mon amour te prie
D'y ramener tes yeux, car c'eſt là ma patrie:	D’y ramener tes yeux, car c’est là ma patrie:
C'eſt où les rais du iour daignerent deualer,	C’est où les rais du jour daignèrent dévaler,
Pour faire viure vn cœur que tu deuois bruſler,	Pour faire vivre un cœur que tu devais brûler,
Là tu verras vn fonds où le Paiſan moißõne	Là tu verras un fonds où le Paysan moissonne
Mes petits reuenus ſur les bords de Garonne,	Mes petits revenus sur les bords de Garonne,
Le fleuue de Garonne ou des petits ruiſſeaux,	Le fleuve de Garonne ou des petits ruisseaux,
Au trauers de mes prez vont apporter leurs eaux,	Au travers de mes prés vont apporter leurs eaux,
Où des ſaules eſpais leurs rameaux verds abaiſſent,	Où des saules épais leurs rameaux verts abaissent,
Pleins d'ombre & de freſcheur ſur mes troupeaux qui paiſſent,	Pleins d’ombre et de fraîcheur sur mes troupeaux qui paissent,
Cloris ſi tu venois dans ce petit logis,	Cloris si tu venais dans ce petit logis,
Combien qu'à te l'offrir de ſi loin ie rougis,	Combien qu’à te l’offrir de si loin je rougis,
Si ceſte occaſion permet que tu l’approches,	Si cette occasion permet que tu l’approches,
Tu le verras aßis entre vn fleuue & des roches.	Tu le verras assis entre un fleuve et des roches.
Où ſans doubte il falloit que l'Amour habitaſt,	Où sans doute il fallait que l’Amour habitât,
Auant que pour le Ciel la terre il ne quitaſt;	Avant que pour le Ciel la terre il ne quittât;
Dans ce petit eſpace vne aſſez bonne terre,	Dans ce petit espace une assez bonne terre,
Si ie la puis ſauuer du butin de la guerre,	Si je la puis sauver du butin de la guerre,
Nous fournira des fruicts außi delicieux,	Nous fournira des fruits aussi délicieux,
Qui ſçauroient contenter ou ton goust ou tes yeux,	Qui sauraient contenter ou ton goût ou tes yeux,
Mais afin que mon bien d'aucun fard ne ſe voile,	Mais afin que mon bien d’aucun fard ne se voile,
Mes plats y ſont d’eſtain & mes rideaux de toile,	Mes plats y sont d’étain et mes rideaux de toile,
Vn petit pauillon dont le vieux baſtiment	Un petit pavillon dont le vieux bâtiment
Fut maſſonné de brique & de mauuais cimẽt,	Fut maçonné de brique et de mauvais ciment,
Monſtre aſſeZ qu'il n'eſt pas orgueilleux de nos tiltres,	Montre assez qu’il n’est pas orgueilleux de nos titres,
Ses chambres n'ont plancher, toict, ny portes, ny vitres,	Ses chambres n’ont plancher, toit, ni portes, ni vitres,
Par où les vents d’Hyuer s’introduiſans vn peu,	Par où les vents d’Hiver s’introduisant un peu,
Ne puiſſent venir veoir ſi nous auons du feu,	Ne puissent venir voir si nous avons du feu,
Ie ne veux point mẽtir & quãd le ſort auare,	Je ne veux point mentir et quand le sort avare,
Qui me traicte ſi mal m'euſt eſté plus barbare.	Qui me traite si mal m’eût été plus barbare.
Et qu’il m'euſt faict ſortir d’vn ſang moins recogneu,	Et qu’il m’eût fait sortir d’un sang moins reconnu,
Ie te confeſſerois d'où ie ſerois venu,	Je te confesserais d’où je serais venu,
Que i'ay bien plus de peine à deſcouurir ma face,	Que j’ai bien plus de peine à découvrir ma face,
Deuant tes yeux ſi beaux qu'à te monstrer ma race.	Devant tes yeux si beaux qu’à te montrer ma race.
Dans l'eſtat où ie ſuis i'ay bien plus de raiſon	Dans l’état où je suis j’ai bien plus de raison
De te faire agréer mes yeux que ma maiſon,	De te faire agréer mes yeux que ma maison,
Ie iure les rayons dont ta beauté m'eſclaire,	Je jure les rayons dont ta beauté m’éclaire,
Que le but de mon ame eſt le ſoin de te plaire,	Que le but de mon âme est le soin de te plaire,
Et que i'ayme ſi fort ta veuë & tes propos,	Et que j’aime si fort ta vue et tes propos,
Qu'à ton ſubiect la nuict eſt pour moy ſans repos,	Qu’à ton sujet la nuit est pour moi sans repos,
Et ſans faire l'Amour à la façon commune,	Et sans faire l’Amour à la façon commune,
Sans accuser pour toy le Ciel ny la fortune,	Sans accuser pour toi le Ciel ni la fortune,
Sans me plaindre ſi fort i'ay ce coup plus profond,	Sans me plaindre si fort j’ai ce coup plus profond,
Que les autres mortels i'aime mieux qu’ils ne font,	Que les autres mortels j’aime mieux qu’ils ne font,
Et ſi ton cœur n'en tire vne preuue aſſez bonne,	Et si ton cœur n’en tire une preuve assez bonne,
De ces vers inſenſez que mon amour te donne,	De ces vers insensés que mon amour te donne,
Pour m'en iuſtifier à tes yeux adoreZ.	Pour m’en justifier à tes yeux adorés.
Ie rependray le ſang d'où ie les ay tirez,	Je rependrai le sang d’où je les ai tirés,
Si ton humeur eſtoit de me le voir reſpandre,	Si ton humeur était de me le voir répandre,
Et qu'autrement ton cœur ne me voulut entendre.	Et qu’autrement ton cœur ne me voulut entendre.
CLORIS lors que ie ſonge en te voyant ſi belle,	CLORIS lorsque je songe en te voyant si belle,
Que ta vie eſt ſubiette à la loy naturelle,	Que ta vie est sujette à la loi naturelle,
Et qu'à la fin les traicts d'vn viſage ſi beau,	Et qu’à la fin les traits d’un visage si beau,
Auec tout leur eſclat iront dans le tombeau,	Avec tout leur éclat iront dans le tombeau,
Sans eſpoir que la mort nous laiſſe en la pẽſee,	Sans espoir que la mort nous laisse en la pensée,
Aucun reſſentiment de l’amitié paſſee,	Aucun ressentiment de l’amitié passée,
Ie ſuis tout rebuté de l'aiſe & du ſoucy	Je suis tout rebuté de l’aise et du souci
Que nous fait le deſtin qui nous gouuerne icy,	Que nous fait le destin qui nous gouverne ici,
Et tombant tout à coup dans la melancholie,	Et tombant tout à coup dans la mélancolie,
Ie commence â blaſmer vn peu noſtre folie,	Je commence à blâmer un peu notre folie,
Et fay vœu de bon cœur de m'arracher vn iour,	Et fais vœu de bon cœur de m’arracher un jour,
La chere reſuerie où m'occupe l'amour.	La chère rêverie où m’occupe l’amour.
Außi bien faudra-t'il qu'vne vieilleße infame,	Aussi bien faudra-t-il qu’une vieillesse infâme,
Nous gele dans le ſang les mouuemens de l'ame,	Nous gèle dans le sang les mouvements de l’âme,
Et que l'âge en ſuiuant ſes reuolutions,	Et que l’âge en suivant ses révolutions,
Nous oſte la lumiere auec les paßions,	Nous ôte la lumière avec les passions,
Ainſi ie me reſous de ſonger à ma vie,	Ainsi je me résous de songer à ma vie,
Tandis que la raiſon m'en faict venir l'enuie,	Tandis que la raison m’en fait venir l’envie,
Ie veux prendre vn obiect où mon libre deſir	Je veux prendre un objet où mon libre désir
Diſcerne la douleur d'auecques le plaiſir,	Discerne la douleur d’avec le plaisir,
Où mes ſens tous entiers ſans fraude & ſans contrainte,	Où mes sens tous entiers sans fraude et sans contrainte,
Ne s'embarraſſent plus ny d’eſpoir ny de crainte,	Ne s’embarrassent plus ni d’espoir ni de crainte,
Et de ſa vaine erreur mon cœur deſabuſant,	Et de sa vaine erreur mon cœur désabusant,
Ie gouſteray le bien que ie verray preſent.	Je goûterai le bien que je verrai présent.
Ie prendray les douceurs à quoy ie ſuis ſenſible,	Je prendrai les douceurs à quoi je suis sensible,
Le plus abondamment qu’il me ſera posſible,	Le plus abondamment qu’il me sera possible,
Dieu nous a tant donné de diuertiſſemens,	Dieu nous a tant donné de divertissements,
Nos sens trouuent en eux tant de rauiſſemens,	Nos sens trouvent en eux tant de ravissements,
Que c'eſt vne fureur de chercher qu'en nous mesme,	Que c’est une fureur de chercher qu’en nous-même,
Quelqu'vn que nous aimions, & quelqu'vn qui nous aime.	Quelqu’un que nous aimions, et quelqu’un qui nous aime.
Le cœur le mieux donné tient touſiours à demy,	Le cœur le mieux donné tient toujours à demi,
Chacun s'aime vn peu mieux touſiours que ſon amy,	Chacun s’aime un peu mieux toujours que son ami,
On les ſuit rarement dedans la ſepulture,	On les suit rarement dedans la sépulture,
Le droit de l'amitié cede aux Loix de nature:	Le droit de l’amitié cède aux Lois de nature:
Pour moy ſi ie voyois en l'humeur où ie ſuis,	Pour moi si je voyais en l’humeur où je suis,
Ton ame s'enuoler aux eternelles nuicts,	Ton âme s’envoler aux éternelles nuits,
Quoy que puiſſe enuers moy l'vſage de tes charmes,	Quoi que puisse envers moi l’usage de tes charmes,
Ie m'en conſolerois auec vn peu de larmes,	Je m’en consolerais avec un peu de larmes,
N’attends pas que l'Amour aueugle aille ſuiuant,	N’attends pas que l’Amour aveugle aille suivant,
Dans l'horreur de la nuict, des ombres & du vent.	Dans l’horreur de la nuit, des ombres et du vent.
Ceux qui iurent d'auoir l'ame encore aſſeZ forte,	Ceux qui jurent d’avoir l’âme encore assez forte,
Pour viure dans les yeux d’vne Maiſtreſſe morte,	Pour vivre dans les yeux d’une Maîtresse morte,
N’ont pas pris le loiſir de voir tous les efforts,	N’ont pas pris le loisir de voir tous les efforts,
Que fait la mort hideuſe à cõsumer vn corps	Que fait la mort hideuse à consumer un corps
Quand les ſens peruertis ſortent de leur vſage,	Quand les sens pervertis sortent de leur usage,
Qu'vne laideur viſible efface le viſage,	Qu’une laideur visible efface le visage,
Que l'eſprit deffaillant & les membres perclus,	Que l’esprit défaillant et les membres perclus,
En ſe diſant adieu ne ſe cognoiſſent plus,	En se disant adieu ne se connaissent plus,
Que dedans vn moment apres la vie eſteinte,	Que dedans un moment après la vie éteinte,
La face ſur ſon cuir n'eſt pas ſeulemẽt peinte,	La face sur son cuir n’est pas seulement peinte,
Et que l'infirmité de la puante chair,	Et que l’infirmité de la puante chair,
Nous faict ouurir la terre afin de la cacher.	Nous fait ouvrir la terre afin de la cacher.
Il faut eſtre animé d’vne fureur bien viue,	Il faut être animé d’une fureur bien vive,
Ayant conſideré comme la mort arriue.	Ayant considéré comme la mort arrive.
Et comme tout l'obiect de noſtre Amour perit,	Et comme tout l’objet de notre Amour périt,
Si par vn tel remede vne ame ne guerit,	Si par un tel remède une âme ne guérit,
Cloris tu vois qu'vn iour il faudra qu’il aduienne,	Cloris tu vois qu’un jour il faudra qu’il advienne,
Que le deſtin rauiſſe & ta vie & la mienne,	Que le destin ravisse et ta vie et la mienne,
Mais ſans te voir le corps ny l'esprit depery,	Mais sans te voir le corps ni l’esprit dépéri,
Le Ciel en ſoit loüé, Cloris te ſuis guery,	Le Ciel en soit loué, Cloris te suis guéri,
Mon ame en me dictant les vers que ie t’enuoye,	Mon âme en me dictant les vers que je t’envoie,
Me vient de plus en plus reſſuſciter la ioye,	Me vient de plus en plus ressusciter la joie,
Je ſens que mon eſprit reprend la liberté,	Je sens que mon esprit reprend la liberté,
Que mes yeux desuoilez cognoiſſent la clarté,	Que mes yeux dévoilés connaissent la clarté,
Que l'obiet d'vn beau iour, d'vn pré, d’vne fontaine,	Que l’objet d’un beau jour, d’un pré, d’une fontaine,
De voir comme Garonne en l’Ocean se traine,	De voir comme Garonne en l’Océan se traîne,
De prendre dans mon Iſle en ſes longs promenoirs,	De prendre dans mon Île en ses longs promenoirs,
La paiſible fraischeur de ſes ombrages noirs:	La paisible fraîcheur de ses ombrages noirs:
Me plaiſt mieux auiourd'huy que le charme inutile,	Me plaît mieux aujourd’hui que le charme inutile,
Des attraicts dont Amour te faict voir ſi fertile,	Des attraits dont Amour te fait voir si fertile,
Languir inceſſamment apres vne beauté,	Languir incessamment après une beauté,
Et ne ſe rebuter d’aucune cruauté,	Et ne se rebuter d’aucune cruauté,
Gaigner au pris du ſang vne foible esperãce	Gagner au prix du sang une faible espérance
D'vn plaiſir paſſager qui n'eſt qu'en apparence,	D’un plaisir passager qui n’est qu’en apparence,
Se rendre l’esprit mol, le courage abatu,	Se rendre l’esprit mol, le courage abattu,
Ne mettre en aucun prix l'honneur ny la vertu,	Ne mettre en aucun prix l’honneur ni la vertu,
Pour cõſeruer ſon mal, mettre tout en vſage,	Pour conserver son mal, mettre tout en usage,
Se peindre inceſſamment & l'ame & le viſage,	Se peindre incessamment et l’âme et le visage,
Cela tient d’vn esprit où le Ciel n'a point mis	Cela tient d’un esprit où le Ciel n’a point mis
Ce que ſon influence inspire à ſes amis.	Ce que son influence inspire à ses amis.
Pour moy que la raiſon eſclaire en quelque ſorte,	Pour moi que la raison éclaire en quelque sorte,
Ie ne ſçaurois porter vne fureur ſi forte,	Je ne saurais porter une fureur si forte,
Et deſ-ia tu peux veoir au train de cét eſcrit,	Et déjà tu peux voir au train de cet écrit,
Comme la guariſon auance mon eſprit:	Comme la guérison avance mon esprit:
Car inſenſiblement ma Muſe vn peu legere	Car insensiblement ma Muse un peu légère
A paſſé deſſus toy ſa plume paſſagere,	A passé dessus toi sa plume passagère,
Et deſtournant mon cœur de ſon premier obiect,	Et détournant mon cœur de son premier objet,
Dés le commencement i'ay changé de ſubiect,	Dès le commencement j’ai changé de sujet,
Emporté du plaiſir de voir ma veine aiſée,	Emporté du plaisir de voir ma veine aisée,
Seurement aborder ma flamme rapaiſée,	Surement aborder ma flamme rapaisée,
Et ioüer à ſon gré ſur les propos d'aimer	Et jouer à son gré sur les propos d’aimer
Sans auoir auiourd'huy pour but que de rimer,	Sans avoir aujourd’hui pour but que de rimer,
Et sans te demander que s'on bel œil eſclaire,	Et sans te demander que s’on bel œil éclaire,
Ces vers où ie n'ay pris aucũ ſoin de te plaire.	Ces vers où je n’ai pris aucun soin de te plaire.
MAINTENANT que Cloris a iuré de me plaire,	MAINTENANT que Cloris a juré de me plaire,
Et de m'aimer mieux que deuant,	Et de m’aimer mieux que devant,
Ie deſpite le ſort, & crains moins ſa cholere,	Je dépite le sort, et crains moins sa colère,
Que le Soleil ne craint le vent.	Que le Soleil ne craint le vent.
Cloris renouuellant ma chaiſne preſque vſée,	Cloris renouvelant ma chaîne presque usée,
Et renforçant mes doux liens,	Et renforçant mes doux liens,
M'a rendu plus heureux que l'amy de Theſée,	M’a rendu plus heureux que l’ami de Thésée,
Quand Pluton relaſcha les ſiens.	Quand Pluton relâcha les siens.
Des-ia ma liberté faiſoit trembler mon ame,	Déjà ma liberté faisait trembler mon âme,
Mon ſalut me faiſoit perir,	Mon salut me faisait périr,
Ie mourois du regret d’auoir tué ma flamme,	Je mourais du regret d’avoir tué ma flamme,
Combien qu'elle me fit mourir.	Combien qu’elle me fit mourir.
Sortant de ma priſon ie me trouuois ſauuage,	Sortant de ma prison je me trouvais sauvage,
I'eſtois tout esbloüy du iour,	J’étais tout ébloui du jour,
De tous mes ſentimens i'auois perdu l’vſage,	De tous mes sentiments j’avais perdu l’usage,
En perdant celuy de l'Amour.	En perdant celui de l’Amour.
Ainſi l'oyſeau de cage alors qu’il ſe deliure,	Ainsi l’oiseau de cage alors qu’il se délivre,
Pour ſe remettre dans les bois,	Pour se remettre dans les bois,
Trouue qu'il a perdu l’vſage de ſon viure,	Trouve qu’il a perdu l’usage de son vivre,
De ſes aisles & de ſa voix.	De ses ailes et de sa voix.
Dieux où cét aduãture auoit porté ma vie!	Dieux où cette aventure avait porté ma vie!
Ie fremiſſois de ſon orgueil,	Je frémissais de son orgueil,
Cependant ie ſentois que ie mourois d'enuie,	Cependant je sentais que je mourais d’envie,
De l'adorer iuſqu'au cercueil.	De l’adorer jusqu’au cercueil.
Cloris travaillez biẽ à dénoüer ma cheſne,	Cloris travaillez bien à dénouer ma chaîne,
Mon ioug eſt tres-bien aſſeuré,	Mon joug est très bien assuré,
Vous ſeriez fort long temps pour me mettre en la peine,	Vous seriez fort longtemps pour me mettre en la peine,
Dont vous m'auez ſi toſt tiré.	Dont vous m’avez sitôt tiré.
Ie ne ſuis pas ſi fol que d'eſcouter encore	Je ne suis pas si fol que d’écouter encore
Les cenſures de ma raiſon,	Les censures de ma raison,
Et combien que mon mal eut beſoin d'Ellebore	Et combien que mon mal eut besoin d’Hellébore
Ie prendrois plutoſt du poiſon.	Je prendrais plutôt du poison.
On n'auoit point poſé les fondemens de Rome,	On n’avait point posé les fondements de Rome,
On n'auoit point parlé du ſiege d’Ilion,	On n’avait point parlé du siège d’Ilion,
La terre n'auoit point receu Deucalion,	La terre n’avait point reçu Deucalion,
Ny Babel diuiſé le langage de l'homme.	Ni Babel divisé le langage de l’homme.
Les ſœurs de Phaëton ne pleuroient point la gomme,	Les sœurs de Phaéton ne pleuraient point la gomme,
Les Geans n'auoient point monté ſur Pelion,	Les Géants n’avaient point monté sur Pélion,
Et celuy qui cauſa noſtre rebellion,	Et celui qui causa notre rébellion,
N'auoit pas mis la dent ſur la premiere põme.	N’avait pas mis la dent sur la première pomme.
Cypre n'auoit point veu ſes riues eſcumer,	Chypre n’avait point vu ses rives écumer,
De ce germe diuin qui tomba dans la mer,	De ce germe divin qui tomba dans la mer,
Quand la mere d'Amour voulut ſortir de l'onde.	Quand la mère d’Amour voulut sortir de l’onde.
Bref nous ne ſçauons point des ſiecles aſſez vieux,	Bref nous ne savons point des siècles assez vieux,
Depuis qu'on a cogneu l’origine du monde,	Depuis qu’on a connu l’origine du monde,
De qui l'antiquité ne le cede à vos yeux.	De qui l’antiquité ne le cède à vos yeux.
Miniſtre du repos, ſommeil pere des ſonges,	Ministre du repos, sommeil père des songes,
Pourquoy t'a t'on nommé l'Image de la mort,	Pourquoi t’a-t-on nommé l’Image de la mort,
Que ces faiſeurs de vers t'õt iadis fait de tort	Que ces faiseurs de vers t’ont jadis fait de tort
De le perſuader auecques leurs menſonges.	De le persuader avec leurs mensonges.
Faut-il pas confeſſer qu'en l'aise où tu nous plonges,	Faut-il pas confesser qu’en l’aise où tu nous plonges,
Nos esprits sont rauis par vn ſi doux trãsport,	Nos esprits sont ravis par un si doux transport,
Qu'au lieu de raccourcir à la fureur du sort,	Qu’au lieu de raccourcir à la fureur du sort,
Les plaiſirs de nos iours, sõmeil tu les alonges.	Les plaisirs de nos jours, sommeil tu les allonges.
Dans ce petit moment, ô songes rauiſſans!	Dans ce petit moment, ô songes ravissants!
Qu'amour vous a permis d'entretenir mes sens,	Qu’amour vous a permis d’entretenir mes sens,
I'ay tenu dans mon lict Elise toute nüe.	J’ai tenu dans mon lit Élise toute nue.
Sommeil, ceux qui t'ont fait l'Image du trépas,	Sommeil, ceux qui t’ont fait l’Image du trépas,
Quand ils ont peint la mort ils ne l'ont point cognuë,	Quand ils ont peint la mort ils ne l’ont point connue,
Car vraimẽnt son portraict ne luy reßẽble pas.	Car vraiment son portrait ne lui ressemble pas.
Au moins ay-ie songé que ie vous ay baisée,	Au moins ai-je songé que je vous ai baisée,
Et bien que tout l'Amour ne s'en soit pas allé,	Et bien que tout l’Amour ne s’en soit pas allé,
Ce feu qui dans mes sens a doucement coulé,	Ce feu qui dans mes sens a doucement coulé,
Rend en quelque façon ma flamme rapaiſée.	Rend en quelque façon ma flamme rapaisée.
Apres ce doux effort mon ame reposée,	Après ce doux effort mon âme reposée,
Peut rire du plaiſir qu'elle vous a volé,	Peut rire du plaisir qu’elle vous a volé,
Et de tant de refus à demy consolé,	Et de tant de refus à demi consolé,
Ie trouue desormais ma guerison aisée.	Je trouve désormais ma guérison aisée.
Mes ſens deſ-ia remis cõmencent à dormir,	Mes sens déjà remis commencent à dormir,
Le ſommeil qui deux nuicts m'auoit laiſſé gemir,	Le sommeil qui deux nuits m’avait laissé gémir,
Enfin dedans mes yeux vous fait quitter la place;	Enfin dedans mes yeux vous fait quitter la place;
Et quoy qu'il ſoit ſi froid au iugemẽt de tous,	Et quoiqu’il soit si froid au jugement de tous,
Il a rompu pour moy ſon naturel de glace,	Il a rompu pour moi son naturel de glace,
Et s'eſt monſtré plus chaud & plus humain que vous.	Et s’est montré plus chaud et plus humain que vous.
D'vn ſommeil plus tranquille à mes Amours reſuant,	D’un sommeil plus tranquille à mes Amours rêvant,
I'eſueille auãt le iour mes yeux & ma pẽſée,	J’éveille avant le jour mes yeux et ma pensée,
Et ceſte longue nuict ſi durement paßée,	Et cette longue nuit si durement passée,
Ie me trouue eſtonné dequoy ie ſuis viuant.	Je me trouve étonné de quoi je suis vivant.
Demy deſesperé ie iure en me leuant,	Demi désespéré je jure en me levant,
D'arracher ceſt obiect à mon ame inſenſée,	D’arracher cet objet à mon âme insensée,
Et ſoudain de ſes vœux ma raiſon offencée,	Et soudain de ses vœux ma raison offensée,
Se deſdit & me laiſſe außi fol que deuant.	Se dédit et me laisse aussi fol que devant.
Ie ſçay bien que la mort ſuit de pres ma folie.	Je sais bien que la mort suit de près ma folie.
Mais ie voy tant d’appas en ma melancholie,	Mais je vois tant d’appas en ma mélancolie,
Que mon eſprit ne peut ſouffrir ſa guerison.	Que mon esprit ne peut souffrir sa guérison.
Chacun à ſon plaiſir doibt gouuerner ſon ame,	Chacun à son plaisir doit gouverner son âme,
Mithridate autrefois a veſcu de poiſon,	Mithridate autrefois a vécu de poison,
Les Leſtrigons de ſang, & moy ie vis de flame.	Les Lestrygons de sang, et moi je vis de flamme.
Chere Iſis tes beautez ont troublé la nature,	Chère Isis tes beautés ont troublé la nature,
Tes yeux ont mis l'Amour dans ſon aueuglement,	Tes yeux ont mis l’Amour dans son aveuglement,
Et les Dieux occupeZ apres toy ſeulement,	Et les Dieux occupés après toi seulement,
Laiſſent l'eſtat du monde errer à l'aduanture.	Laissent l’état du monde errer à l’aventure.
Voyãs dãs le Soleil tes regards en peinture,	Voyant dans le Soleil tes regards en peinture,
Ils en ſentent leur cœur touché ſi viuement,	Ils en sentent leur cœur touché si vivement,
Que s'ils n'eſtoiẽt cloüeZ ſi fort au firmamẽt,	Que s’ils n’étaient cloués si fort au firmament,
Ils deſcendroient bien toſt pour veoir leur creature.	Ils descendraient bientôt pour voir leur créature.
Croy moy qu'en cest' humeur ils ont peu de soucy,	Crois-moi qu’en cette humeur ils ont peu de souci,
Ou du bien ou du mal que nous faisons icy,	Ou du bien ou du mal que nous faisons ici,
Et tandis que le Ciel endure que tu m'aimes,	Et tandis que le Ciel endure que tu m’aimes,
Tu peus bien dans mon lict impunement coucher,	Tu peux bien dans mon lit impunément coucher,
Iſis que craindrois-tu, puis que les Dieux eux mesmes,	Isis que craindrais-tu, puisque les Dieux eux-mêmes,
S'eſtimeroient heureux de te faire pecher.	S’estimeraient heureux de te faire pécher.
Sacrez murs du Soleil où i'adoray Phillis,	Sacrés murs du Soleil où j’adorai Phyllis,
Doux ſeiour où mon ame eſtoit iadis charmee,	Doux séjour où mon âme était jadis charmée,
Qui n'eſt plus auiourd'huy ſoubs nos toicts deſmolis,	Qui n’est plus aujourd’hui sous nos toits démolis,
Que le ſanglant butin d’vne orgueilleuſe armee.	Que le sanglant butin d’une orgueilleuse armée.
Ornemẽs de l'autel qui n'eſtes que fumees,	Ornements de l’autel qui n’êtes que fumées,
Grand Temple ruiné, myſteres abolis,	Grand Temple ruiné, mystères abolis,
Effroyables obiects d’vne ville allumée,	Effroyables objects d’une ville allumée,
Palais, hommes, cheuaux, enſemble enſeuelis.	Palais, hommes, chevaux, ensemble ensevelis.
Foſſez larges & creux tous comblez de murailles,	Fossés larges et creux tous comblés de murailles,
Spectacles de frayeur, de cris, de funerailles,	Spectacles de frayeur, de cris, de funérailles,
Fleuue par où le ſang ne ceſſe de courir,	Fleuve par où le sang ne cesse de courir,
Charniers où les Corbeaux & Loups vont tous repaiſtre,	Charniers où les Corbeaux et Loups vont tous repaître,
Clerac pour vne fois que vous m'auez faict naiſtre,	Clairac pour une fois que vous m’avez fait naître,
Helas! combien de fois me faictes vous mourir.	Hélas! combien de fois me faites-vous mourir.
CEVX qui tirent le cœur par les traits du viſage,	CEUX qui tirent le cœur par les traits du visage,
Remarquent dans le tien des ſignes de valeur,	Remarquent dans le tien des signes de valeur,
Mais comme la vaillance eſt touſiours vn preſage,	Mais comme la vaillance est toujours un présage,
Qui promet de la gloire auecque du mal'heur.	Qui promet de la gloire avec du malheur.
I'espere que la mort auecques ſa pasleur,	J’espère que la mort avec sa pâleur,
Couurira tes beautez de ſa funeſte Image,	Couvrira tes beautés de sa funeste Image,
Et que ton ieune ſang tout rẽply de chaleur,	Et que ton jeune sang tout rempli de chaleur,
Viẽdra faire à ton dam preuue de ton courage.	Viendra faire à ton dam preuve de ton courage.
Vn iour que tu voudras combattre au premier rang,	Un jour que tu voudras combattre au premier rang,
Ie te verray couuert de poußiere & de ſang	Je te verrai couvert de poussière et de sang
Et le cœur trauersé d’vne mortelle playe.	Et le cœur traversé d’une mortelle plaie.
Tourner ces traiſtres yeux deuers ton monument,	Tourner ces traîtres yeux devers ton monument,
Lors pour te faire veoir que ma vengeance eſt vraye,	Lors pour te faire voir que ma vengeance est vraie,
Je n'en ietteray pas vn ſouſpir ſeulement.	Je n’en jetterai pas un soupir seulement.
TYRANNIQVE reſpect, triſte & faſcheux deuoir,	TYRANNIQUE respect, triste et fâcheux devoir,
Qui tiens ſi rudement mes volontez contrainctes,	Qui tiens si rudement mes volontés contraintes,
Dois-ie mourir icy ſans que ie puiſſe auoir	Dois-je mourir ici sans que je puisse avoir
Autre ſoulagemẽt que celuy de mes plaintes?	Autre soulagement que celui de mes plaintes?
Souffriray ie ô Thirſis! mon cœur gelé de craintes,	Souffrirai-je ô Tircis! mon cœur gelé de craintes,
Dans le deſir bruſlant que i'ay de te reuoir,	Dans le désir brûlant que j’ai de te revoir,
Loix que ma paßſion deuoit auoir enfraintes,	Lois que ma passion devait avoir enfreintes,
Garderez vous touſiours ce rigoureux pouuoir?	Garderez-vous toujours ce rigoureux pouvoir?
Ie crois que le Tyran qui d'eternelles flames	Je crois que le Tyran qui d’éternelles flammes
Donne le chaſtiment ordonne pour les ames,	Donne le châtiment ordonné pour les âmes,
Quãd ie ſerois eſclaue au fonds de ſes Enfers.	Quand je serais esclave au fonds de ses Enfers.
S'il ſçauoit le ſubiet de mon impatience,	S’il savait le sujet de mon impatience,
Sentiroit me voyant bleſſer ſa conſcience,	Sentirait me voyant blesser sa conscience,
S'il ne me permettoit de ſortir de mes fers.	S’il ne me permettait de sortir de mes fers.
