FABLES, OV HISTOIRES ALLEGORIQVES.	FABLES, OU HISTOIRES ALLÉGORIQUES.
FABLE PREMIERE.	FABLE PREMIÈRE.
La Tourterelle, & le Ramier.	La Tourterelle, et le Ramier.
QU’on ne me parle plus d’Amour, ny de Plaiſirs,	Qu’on ne me parle plus d’Amour, ni de Plaisirs,
Diſoit un jour la triſte Tourterelle,	Disait un jour la triste Tourterelle,
Conſacrez-vous mon Ame, à d’eternels ſoûpirs :	Consacrez-vous mon Âme, à d’éternels soupirs:
J’ay perdu mon Amant fidelle.	J’ai perdu mon Amant fidèle.
Arbres, Ruiſſeaux, Gazons delicieux,	Arbres, Ruisseaux, Gazons délicieux,
Vous n’avez plus de charmes pour mes yeux,	Vous n’avez plus de charmes pour mes yeux,
Mon Amant a ceſsé de vivre.	Mon Amant a cessé de vivre.
Qu’attendons-nous mon cœur ? Hâtons-nous de le ſuivre.	Qu’attendons-nous mon cœur? Hâtons-nous de le suivre.
Comme on l’euſt dit, autresfois on l’euſt fait.	Comme on l’eût dit, autrefois on l’eût fait.
Quand nos Peres vouloient peindre un Amour parfait,	Quand nos Pères voulaient peindre un Amour parfait,
La Tourterelle en eſtoit le ſymbole,	La Tourterelle en était le symbole,
Elle ſuivoit toûjours ſon Amant au trépas,	Elle suivait toujours son Amant au trépas,
Mais la mode change icy-bas,	Mais la mode change ici-bas,
De cette conſtance frivole.	De cette constance frivole.
Le Deſeſpoir a perdu ſon credit,	Le Désespoir a perdu son crédit,
Et Tourterelle ſe conſole,	Et Tourterelle se console,
S’il faut tenir pour vray, ce que ma Fable en dit.	S’il faut tenir pour vrai, ce que ma Fable en dit.
Elle pretend, que cette Deſolée,	Elle prétend, que cette Désolée,
A ſa juſte douleur, voulant eſtre immolée,	À sa juste douleur, voulant être immolée,
Choiſit un vieux Palais, vray ſejour de Hiboux ;	Choisit un vieux Palais, vrai séjour de Hiboux;
Où ſans chercher aucune nourriture,	Où sans chercher aucune nourriture,
Un prompt trépas eſtoit, ſon eſpoir le plus doux ;	Un prompt trépas était, son espoir le plus doux;
Mais qui ne ſçait, qu’en toute conjoncture,	Mais qui ne sait, qu’en toute conjoncture,
La Providence eſt plus ſage que nous ?	La Providence est plus sage que nous?
Dans cette demeure ſauvage,	Dans cette demeure sauvage,
Habitoit un jeune Ramier,	Habitait un jeune Ramier,
Houpé, patu, de beau plumage,	Houpé, pattu, de beau plumage,
Et quoy que jeune, vieux Routier	Et quoi que jeune, vieux Routier
Dans l’Art de ſoulager, les douleurs du veuvage.	Dans l’Art de soulager, les douleurs du veuvage.
Pour noſtre Tourterelle, il mit courtoiſement,	Pour notre Tourterelle, il mit courtoisement,
Ses plus beaux ſecrets en uſage.	Ses plus beaux secrets en usage.
La Pauvrette au commencement,	La Pauvrette au commencement,
Loin de preſter l’oreille à ſon langage,	Loin de prêter l’oreille à son langage,
Ne vouloit pas, ſe montrer ſeulement :	Ne voulait pas, se montrer seulement:
Mais le Ramier, parlant de deffunt ſon Amant,	Mais le Ramier, parlant de défunt son Amant,
Inſenſiblement il l’engage,	Insensiblement il l’engage,
A recevoir ſon compliment.	À recevoir son compliment.
Ce compliment fut d’une grande force,	Ce compliment fut d’une grande force,
Il diſoit du deffunt, toute ſorte de bien,	Il disait du défunt, toute sorte de bien,
Ne blâmoit la Veuve de rien ;	Ne blâmait la Veuve de rien;
Bref, c’eſtoit une douce amorce,	Bref, c’était une douce amorce,
Pour attirer un plus long entretien.	Pour attirer un plus long entretien.
Voilà donc la belle Affligée,	Voilà donc la belle Affligée,
En tendres propos engagée :	En tendres propos engagée:
Elle tombe ſur le diſcours,	Elle tombe sur le discours,
De l’hiſtoire de ſes Amours :	De l’histoire de ses Amours:
Dépeint, non ſans cris, & ſans larmes,	Dépeint, non sans cris, et sans larmes,
Du pauvre Trépaſsé, les vertus & les charmes :	Du pauvre Trépassé, les vertus et les charmes:
Et ne croyant par là, que flater ſa douleur,	Et ne croyant par là, que flatter sa douleur,
Elle apprit au Ramier, le chemin de ſon cœur.	Elle apprit au Ramier, le chemin de son cœur.
Par ce que le Deffunt avoit fait pour luy plaire,	Par ce que le Défunt avait fait pour lui plaire,
Il comprit ce qu’il faloit faire.	Il comprit ce qu’il fallait faire.
Il estoit copiſte entendu,	Il était copiste entendu,
Il ſçeut ſi dextrement, imiter ſon modelle,	Il sut si dextrement, imiter son modèle,
Que dans peu noſtre Tourterelle,	Que dans peu notre Tourterelle,
Crût retrouver en luy, ce qu’elle avoit perdu.	Crut retrouver en lui, ce qu’elle avait perdu.
FABLE II.	FABLE II.
Le Singe Cupidon.	Le Singe Cupidon.
UN vieux Singe des plus adrois,	Un vieux Singe des plus adroits,
Ayant veu l’Amour pluſieurs fois,	Ayant vu l’Amour plusieurs fois,
Décocher ſes fléches mortelles,	Décocher ses flèches mortelles,
Sur les cœurs de maintes Cruelles ;	Sur les cœurs de maintes Cruelles;
Comme luy, voulut eſtre Archer,	Comme lui, voulut être Archer,
Et fléches d’Amour décocher.	Et flèches d’Amour décocher.
Il euſt donné leçon d’adreſſe,	Il eût donné leçon d’adresse,
A tout maiſtre en tours de ſoupleſſe.	À tout maitre en tours de souplesse.
Il prend ſi bien ſon temps, choiſit ſi bien ſon lieu,	Il prend si bien son temps, choisit si bien son lieu,
Qu’il détrouſſe le petit Dieu.	Qu’il détrousse le petit Dieu.
Enrichy d’un butin ſi rare,	Enrichi d’un butin si rare,
A se cupidonner le Magot ſe prepare ;	À se cupidonner le Magot se prépare;
Endoſſe le carquois, s’affuble du bandeau,	Endosse le carquois, s’affuble du bandeau,
En conquerant des cœurs, ſe rengorge, & ſe quarre,	En conquérant des cœurs, se rengorge, et se quarre,
Et ſe mirant dans un ruiſſeau,	Et se mirant dans un ruisseau,
Se prend pour Cupidon, tant il ſe trouve beau.	Se prend pour Cupidon, tant il se trouve beau.
Ces Animaux pour l’ordinaire,	Ces Animaux pour l’ordinaire,
Naiſſent ſçavans, en l’art de contrefaire,	Naissent savants, en l’art de contrefaire,
Et dans le langage commun,	Et dans le langage commun,
Singe, & Copiſte ce n’eſt qu’un.	Singe, et Copiste ce n’est qu’un.
Celuy-cy donc campé dans un boccage,	Celui-ci donc campé dans un bocage,
Attend une Nymphe au paſſage,	Attend une Nymphe au passage,
Et comme ſouvent le hazard,	Et comme souvent le hasard,
Aux bleſſures du cœur a la meilleure part,	Aux blessures du cœur a la meilleure part,
Noſtre Archer d’eſpece nouvelle ;	Notre Archer d’espèce nouvelle;
Atteint droit au cœur de la Belle.	Atteint droit au cœur de la Belle.
Iamais la Nymphe avant ce jour,	Jamais la Nymphe avant ce jour,
N’avoit ſenty les fléches de l’amour.	N’avait senti les flèches de l’amour.
Si cette bleſſure cruelle,	Si cette blessure cruelle,
Fut un cas ſurprenant pour elle ;	Fut un cas surprenant pour elle;
I’en fais Iuge le jeune cœur,	J’en fais Juge le jeune cœur,
Atteint de pareille douleur.	Atteint de pareille douleur.
Iour, & nuict, la nouvelle Amante	Jour, et nuit, la nouvelle Amante
Soûpire, ſe plaint, ſe tourmente,	Soupire, se plaint, se tourmente,
Sans ſçavoir ce qu’elle ſentoit,	Sans savoir ce qu’elle sentait,
Ny pourquoy tant ſe lamentoit,	Ni pourquoi tant se lamentait,
Maiſtre Magot darde-ſagette,	Maitre Magot darde-sagette,
Qui mieux inſtruit du mal de la Pauvrette,	Qui mieux instruit du mal de la Pauvrette,
S’applaudiſſoit de ſa dexterité,	S’applaudissait de sa dextérité,
Se voyant la Divinité,	Se voyant la Divinité,
Pour qui ſe preparoit l’amoureux Sacrifice,	Pour qui se préparait l’amoureux Sacrifice,
Se tenoit fier comme un Narciſſe.	Se tenait fier comme un Narcisse.
Quand la Belle par ſes ſoûpirs,	Quand la Belle par ses soupirs,
Exprimoit ſes tendres deſirs ;	Exprimait ses tendres désirs;
Que de ſes yeux, la langueur indiſcrette,	Que de ses yeux, la langueur indiscrète,
A ſon cœur ſervoit d’interprete,	À son cœur servait d’interprète,
Peu s’en faloit, qu’en ce moment,	Peu s’en fallait, qu’en ce moment,
L’indigne Auteur de ſon tourment,	L’indigne Auteur de son tourment,
Ne ſe cruſt ce qu’il feignoit d’eſtre.	Ne se crût ce qu’il feignait d’être.
Il euſt avec l’amour diſputé d’agrément,	Il eût avec l’amour disputé d’agrément,
Tant l’orgueil nous fait méconnoiſtre.	Tant l’orgueil nous fait méconnaître.
Mais on voit ordinairement,	Mais on voit ordinairement,
Que la Gloire ſans fondement,	Que la Gloire sans fondement,
Eſt chimerique, & peu durable.	Est chimérique, et peu durable.
Du carquois dérobé, le Maiſtre redoutable,	Du carquois dérobé, le Maitre redoutable,
Cherchoit plein de reſſentiment,	Cherchait plein de ressentiment,
Le ſacrilege Auteur, d’un fait ſi puniſſable.	Le sacrilège Auteur, d’un fait si punissable.
Le ſort le guida ſur le lieu,	Le sort le guida sur le lieu,
Où le Magot paré des dépoüilles du Dieu,	Où le Magot paré des dépouilles du Dieu,
Recevoit l’amoureux hommage	Recevait l’amoureux hommage
Qu’on devoit à ſon Equipage.	Qu’on devait à son Équipage.
Si Cupidon fut offensé ;	Si Cupidon fut offensé;
Qu’un Magot pour luy ſe fiſt prendre,	Qu’un Magot pour lui se fît prendre,
Et comme tel fuſt encenſé,	Et comme tel fût encensé,
Il eſt aisé de le comprendre.	Il est aisé de le comprendre.
Quoy ? dit-il, ce ridé Muſeau,	Quoi? dit-il, ce ridé Museau,
A la faveur de mon Bandeau,	À la faveur de mon Bandeau,
Chez les Mortels remplit ma Place ?	Chez les Mortels remplit ma Place?
A ces mots Meſſire l’Amour,	À ces mots Messire l’Amour,
Détrouſſe le Singe à ſon tour,	Détrousse le Singe à son tour,
Montre à nud ſa laide grimace,	Montre à nu sa laide grimace,
Et tirant la Nymphe d’erreur,	Et tirant la Nymphe d’erreur,
Fit naiſtre un plus beau feu, dans ſon aveugle cœur.	Fit naitre un plus beau feu, dans son aveugle cœur.
Ainſi l’ame préoccupée,	Ainsi l’âme préoccupée,
Et par l’apparence trompée,	Et par l’apparence trompée,
Eleve aux hommes des Autels,	Élève aux hommes des Autels,
Qui ne ſont deus qu’aux Immortels.	Qui ne sont dus qu’aux immortels.
Le bandeau de l’Amour, fait des Metamorphoſes	Le bandeau de l’Amour, fait des Métamorphoses
Des plus deſagreables choſes ;	Des plus désagréables choses;
Mais quand un retour de raiſon,	Mais quand un retour de raison,
Peut enfin trouver ſa ſaiſon,	Peut enfin trouver sa saison,
Ou qu’un Amour, d’une plus pure eſſence,	Ou qu’un Amour, d’une plus pure essence,
A nos cœurs prevenus, fait ſentir ſa puiſſance,	A nos cœurs prévenus, fait sentir sa puissance,
Combien trouvons-nous odieux	Combien trouvons-nous odieux
Ce qu’avoient admiré nos yeux ?	Ce qu’avaient admiré nos yeux?
FABLE III.	FABLE III.
La Cigale, le Hanneton, & l’Eſcarbot.	La Cigale, le Hanneton, et l’Escarbot.
LA Cigale, & le Hanneton,	La Cigale, et le Hanneton,
Contracterent jadis un mariage enſemble ;	Contractèrent jadis un mariage ensemble;
Et comme pour un jour, dit-on,	Et comme pour un jour, dit-on,
Tout Hymen à l’Amour reſſemble,	Tout Hymen à l’Amour ressemble,
Le leur eut d’abord la beauté	Le leur eut d’abord la beauté
Qui ſuit touſiours la nouveauté.	Qui suit toujours la nouveauté.
L’Epoux trouvoit l’Epouſe belle,	L’Époux trouvait l’Épouse belle,
Comme elle le trouvoit charmant,	Comme elle le trouvait charmant,
Ce n’eſtoit que tranſport, & que raviſſement,	Ce n’était que transport, et que ravissement,
Ils ſe juroient une ardeur eternelle,	Ils se juraient une ardeur éternelle,
Et croyoient tenir leur ſerment.	Et croyaient tenir leur serment.
Mais tels ſermens ſe tiennent rarement,	Mais tels serments se tiennent rarement,
Ce premier jour qu’un long uſage,	Ce premier jour qu’un long usage,
A fait nommer communément,	A fait nommer communément,
Le ſeul heureux du Mariage,	Le seul heureux du Mariage,
Eſtoit à peine encor paſsé ;	Était à peine encor passé;
Que le nouveau Couple laſsé	Que le nouveau Couple lassé
De ſi longue Paix domeſtique,	De si longue Paix domestique,
En interrompit la pratique.	En interrompit la pratique.
Le Hanneton alloit ſouvent	Le Hanneton allait souvent
Voir une Gueſpe ſa voiſine :	Voir une Guêpe sa voisine:
Dame Cigale en eut le vent,	Dame Cigale en eut le vent,
Pour moins Epouſe ſe mutine.	Pour moins Épouse se mutine.
Elle entre en feminin courroux,	Elle entre en féminin courroux,
Accuſe le coquet Epoux,	Accuse le coquet Époux,
De fauſſer la Foy conjugale,	De fausser la Foi conjugale,
Hanneton de s’enfuïr aux cris de la Cigale ;	Hanneton de s’enfuir aux cris de la Cigale;
Elle, de redoubler ſes cris ;	Elle, de redoubler ses cris;
Luy, de l’accuſer de manie,	Lui, de l’accuser de manie,
Adieu l’amour & les ſoûris,	Adieu l’amour et les souris,
Au triſte Hymen ils fauſſent compagnie.	Au triste Hymen ils faussent compagnie.
Le Hanneton, morne & tranſſi,	Le Hanneton, morne et transi,
Connoiſſant, mais trop tard, les ſoucis du ménage,	Connaissant, mais trop tard, les soucis du ménage,
Va conſulter ſur ſon ſoucy,	Va consulter sur son souci,
Un Eſcarbot du voiſinage.	Un Escarbot du voisinage.
Cét Animal n’avoit point ſon pareil,	Cet Animal n’avait point son pareil,
Il décidoit de tout en Auditeur de Rote,	Il décidait de tout en Auditeur de Rote,
Et toute la Gent Eſcarbote	Et toute la Gent Escarbote
N’agiſſoit que par ſon conſeil.	N’agissait que par son conseil.
Compere, dit-il au Mary,	Compère, dit-il au Mari,
Ce ſont ſuites de l’Hymenée,	Ce sont suites de l’Hyménée,
Vous n’eſtes pas le ſeul Epoux marry	Vous n’êtes pas le seul Époux marri
Qui déplore ſa deſtinée.	Qui déplore sa destinée.
Nous autres petits Eſcarbots,	Nous autres petits Escarbots,
En de pareilles conjonctures,	En de pareilles conjonctures,
Entendons dire de bons mots	Entendons dire de bons mots
A Meſdames les creatures.	À Mesdames les créatures.
Quand pour divertir ſon chagrin,	Quand pour divertir son chagrin,
Un homme vient à ſon voiſin,	Un homme vient à son voisin,
Faire en ſe promenant ſecrette confidence,	Faire en se promenant secrète confidence,
Luy conter ſes douleurs, & ſes ſoupçons jaloux,	Lui conter ses douleurs, et ses soupçons jaloux,
Dieu ſçait ſi pour avoir des témoins tels que nous,	Dieu sait si pour avoir des témoins tels que nous,
Il en dit moins tout ce qu’il penſe.	Il en dit moins tout ce qu’il pense.
Ecoutez, ce que l’autre jour	Écoutez, ce que l’autre jour
J’entendois raconter à Seigneur d’apparence :	J’entendais raconter à Seigneur d’apparence:
J’épouſay, diſoit-il, une veuve de France,	J’épousai, disait-il, une veuve de France,
Des premieres de cette Cour :	Des premières de cette Cour:
Soit que pour témoigner un amour plus parfait,	Soit que pour témoigner un amour plus parfait,
Elle cruſt à propos de paroiſtre jalouſe,	Elle crût à propos de paraitre jalouse,
Ou qu’elle le fuſt en effet,	Ou qu’elle le fût en effet,
Touſiours quelque ſoupçon tourmentoit mon Epouſe ;	Toujours quelque soupçon tourmentait mon Épouse;
Je n’avois plus un moment de repos,	Je n’avais plus un moment de repos,
Sur la moindre viſite, ou le moindre propos.	Sur la moindre visite, ou le moindre propos.
Noſtre Jalouſe avoit un reproche à me faire ;	Notre Jalouse avait un reproche à me faire;
Un Amant me tira d’affaire,	Un Amant me tira d’affaire,
Il nâquit certaine amitié,	Il naquit certaine amitié,
Dans le cœur de noſtre Moitié,	Dans le cœur de notre Moitié,
Plus fine d’un carat que l’eſtime ordinaire ;	Plus fine d’un carat que l’estime ordinaire;
Depuis ce jour, tout fut calme chez moy,	Depuis ce jour, tout fut calme chez moi,
Je fus reſpecté comme un Roy ;	Je fus respecté comme un Roi;
On ne ſongeoit plus qu’à me plaire.	On ne songeait plus qu’à me plaire.
Compere Hanneton, pourſuivit l’Eſcarbot,	Compère Hanneton, poursuivit l’Escarbot,
Si tu ſçais le ſecret d’entendre à demy-mot,	Si tu sais le secret d’entendre à demi-mot,
Fais ton profit de l’avis ſalutaire.	Fais ton profit de l’avis salutaire.
Laiſſe gronder ta femme tout le jour,	Laisse gronder ta femme tout le jour,
Ou ſi tu veux la faire taire,	Ou si tu veux la faire taire,
Permets-luy de faire l’amour.	Permets-lui de faire l’amour.
Dame trop prude, & beaucoup de raiſon,	Dame trop prude, et beaucoup de raison,
Eſt un aſſortiment fort difficile à faire ;	Est un assortiment fort difficile à faire;
Et pour la paix de la Maiſon,	Et pour la paix de la Maison,
Un peu d’intrigue, eſt un mal neceſſaire.	Un peu d’intrigue, est un mal nécessaire.
FABLE IV.	FABLE IV.
Le Sanſonnet, & le Coucou.	Le Sansonnet, et le Coucou.
VN Sanſonnet, Jargonneur ſignalé,	Un Sansonnet, Jargonneur signalé,
De captif qu’il eſtoit, devenu volontaire,	De captif qu’il était, devenu volontaire,
De deſirs amoureux ſe trouva régalé :	De désirs amoureux se trouva régalé:
C’eſt de l’indépendance, une ſuite ordinaire.	C’est de l’indépendance, une suite ordinaire.
Il dreſſe ſon petit Grabat	Il dresse son petit Grabat
Dans un Buiſſon de Noble-Epine,	Dans un Buisson de Noble-Épine,
Vn Coucou fameux ſcelerat,	Un Coucou fameux scélérat,
Qui, comme chacun ſçait ne vit que de rapine,	Qui, comme chacun sait ne vit que de rapine,
Qui va de Nid, en Nid croquant les œufs d’autruy	Qui va de Nid, en Nid croquant les œufs d’autrui
Et les remplaçant d’œufs de luy,	Et les remplaçant d’œufs de lui,
Au Nid du Sanſonnet, traduiſit ſon lignage.	Au Nid du Sansonnet, traduisit son lignage.
Noſtre amy Jargonneur, ignoroit cét uſage ;	Notre ami Jargonneur, ignorait cet usage;
Il fut dés ſa jeuneſſe élevé parmy nous,	Il fut dès sa jeunesse élevé parmi nous,
Et vivoit, par hazard, en honneſte ménage,	Et vivait, par hasard, en honnête ménage,
Où l’on ne parloit point des ruſes des Coucous.	Où l’on ne parlait point des ruses des Coucous.
Frere le Roſſignol, diſoit-il en luy-meſme,	Frère le Rossignol, disait-il en lui-même,
Couvant les nouveaux Oeufs avec un ſoin extrême,	Couvant les nouveaux Œufs avec un soin extrême,
Vous vous vantez d’eſtre le Roy des Bois ;	Vous vous vantez d’être le Roi des Bois;
Mais ſi jamais ma Famille eſt écloſe,	Mais si jamais ma Famille est éclose,
Ha ! Foy de Sanſonnet, c’eſt bien à cette fois,	Ha! Foi de Sansonnet, c’est bien à cette fois,
Que vous aurez la gorge cloſe.	Que vous aurez la gorge close.
Dans voſtre Art de roſſignoler,	Dans votre Art de rossignoler,
Vous donnez des leçons, à tout ce que nous ſommes ;	Vous donnez des leçons, à tout ce que nous sommes;
Mais, mes petits ſçauront parler,	Mais, mes petits sauront parler,
Comme parlent Meſſieurs les hommes.	Comme parlent Messieurs les hommes.
Ces petits long-temps attendus,	Ces petits longtemps attendus,
Et de tout mal-heur deffendus,	Et de tout malheur défendus,
Il plût à l’Eternel de donner la lumiere	Il plût à l’Éternel de donner la lumière
A nos Sanſonnets pretendus.	À nos Sansonnets prétendus.
Maiſtre Oyſeleur, d’eſpece ſinguliere,	Maitre Oiseleur, d’espèce singulière,
Se promet d’exercer ſon Meſtier doctement,	Se promet d’exercer son Métier doctement,
Le Plumage coucou, bleſſoit un peu ſa veuë,	Le Plumage coucou, blessait un peu sa vue,
Mais il eſperoit en la meuë,	Mais il espérait en la mue,
Les Peres, comme on ſçait, ſe flatent aisément.	Les Pères, comme on sait, se flattent aisément.
Le voilà donc, tenant Ecole de ramage,	Le voilà donc, tenant École de ramage,
Il n’eſt dictons, ou quolibets,	Il n’est dictons, ou quolibets,
Qu’apprennent tels Oyſeaux en cage,	Qu’apprennent tels Oiseaux en cage,
Qu’il ne ſiffle aux Coucous, reputez Sanſonnets.	Qu’il ne siffle aux Coucous, réputés Sansonnets.
Parlez, leur diſoit-il, parlez l’humain langage,	Parlez, leur disait-il, parlez l’humain langage,
C’eſt le plus éloquent de tous,	C’est le plus éloquent de tous,
Coucou, répondent les Coucous,	Coucou, répondent les Coucous,
Il n’en peut tirer autre choſe,	Il n’en peut tirer autre chose,
Quoy qu’il entonne, ou qu’il propoſe,	Quoi qu’il entonne, ou qu’il propose,
Coucous ne diſent que Coucou :	Coucous ne disent que Coucou:
Le Sanſonnet penſa devenir fou.	Le Sansonnet pensa devenir fou.
Depuis quand, diſoit-il, cette Metamorphoſe ?	Depuis quand, disait-il, cette Métamorphose?
Comment œufs de Coucou ſont-ils ſortis de moy ?	Comment œufs de Coucou sont-ils sortis de moi?
Du temps que j’augmentay l’eſpece volatille,	Du temps que j’augmentai l’espèce volatille,
Tout Oyſeau n’engendroit qu’Oyſeau ſemblable à ſoy :	Tout Oiseau n’engendrait qu’Oiseau semblable à soi:
C’eſt depuis que j’habite en humaine famille,	C’est depuis que j’habite en humaine famille,
Que la Nature a fait cette nouvelle Loy.	Que la Nature a fait cette nouvelle Loi.
Mais quoy ? reprenoit-il, dans cette Loy nouvelle,	Mais quoi? reprenait-il, dans cette Loi nouvelle,
La Nature ſe trompe, ou n’eſt plus naturelle.	La Nature se trompe, ou n’est plus naturelle.
Pourquoy moy Sanſonnet engendrer des Coucous ?	Pourquoi moi Sansonnet engendrer des Coucous?
Pourquoy couver des œufs, qui ne ſont point à nous ?	Pourquoi couver des œufs, qui ne sont point à nous?
Pourquoy ?…… ſans doute il euſt pouſsé loin le murmure ;	Pourquoi?…… sans doute il eût poussé loin le murmure;
Mais un Milan paſſant par là,	Mais un Milan passant par là,
Quoy ? luy dit-il, ce n’eſt que pour cela	Quoi? lui dit-il, ce n’est que pour cela
Que tu vas de Povrqvoy fatiguant la Nature ?	Que tu vas de Pourquoi fatiguant la Nature?
Hé ! mon amy ton mal eſt devenu commun,	Hé! mon ami ton mal est devenu commun,
Parmy les Animaux, je n’en connois aucun	Parmi les Animaux, je n’en connais aucun
Qui ne puiſſe s’attendre à pareille aventure.	Qui ne puisse s’attendre à pareille aventure.
FABLE V.	FABLE V.
Le Papillon, le Freſlon, & la Chenille.	Le Papillon, le Frelon, et la Chenille.
UN vieux Freſlon depuis long-temps	Un vieux Frelon depuis longtemps
Avoit fait des deſſeins ſur une Tubereuſe ;	Avait fait des desseins sur une Tubereuse;
Un Papillon, nouveau fils du Printemps,	Un Papillon, nouveau fils du Printemps,
Traverſoit en ſecret, ſa fortune amoureuſe.	Traversait en secret, sa fortune amoureuse.
De grand murmure, & de ſanglant combat,	De grand murmure, et de sanglant combat,
Se vit alors la prochaine apparence,	Se vit alors la prochaine apparence,
C’eſt touſiours de la concurrence,	C’est toujours de la concurrence,
Que naiſſent le bruit & l’éclat.	Que naissent le bruit et l’éclat.
A maintenir leurs droits, les Rivaux s’appreſterent.	À maintenir leurs droits, les Rivaux s’apprêtèrent.
Pere Freſlon de bourdonner,	Père Frelon de bourdonner,
Papillon de papillonner,	Papillon de papillonner,
Tant volerent, tant bourdonnerent,	Tant volèrent, tant bourdonnèrent,
Qu’enfin l’Amour ils obligerent,	Qu’enfin l’Amour ils obligèrent,
A juger de leur different.	À juger de leur différend.
Il cite devant luy le Couple concourant,	Il cite devant lui le Couple concourant,
Leur ordonne à tous deux, d’expoſer l’aventure :	Leur ordonne à tous deux, d’exposer l’aventure:
Jamais ſans doute avant ce jour,	Jamais sans doute avant ce jour,
Ils ne s’eſtoient trouvez en telle conjoncture ;	Ils ne s’étaient trouvés en telle conjoncture;
Mais tout parle dans la Nature,	Mais tout parle dans la Nature,
Quand il s’agit d’obeyr à l’Amour.	Quand il s’agit d’obéir à l’Amour.
Je ſuis, dit le premier, un Freſlon qu’on eſtime	Je suis, dit le premier, un Frelon qu’on estime
Pour ſon labeur & pour ſon rang.	Pour son labeur et pour son rang.
D’un eſſain renommé le Prince legitime	D’un essaim renommé le Prince légitime
Me reconnoiſt pour eſtre de ſon Sang :	Me reconnait pour être de son Sang:
Cette tubereuſe naiſſante,	Cette tubereuse naissante,
Par ſa jeuneſſe floriſſante,	Par sa jeunesse florissante,
A ſceu meriter mon ardeur ;	A su mériter mon ardeur;
Depuis le jour qu’elle eſt écloſe,	Depuis le jour qu’elle est éclose,
Je voltige ſans ceſſe autour de cette Fleur,	Je voltige sans cesse autour de cette Fleur,
Et quitte pour la voir, Lys, Anemone, & Roſe,	Et quitte pour la voir, Lys, Anémone, et Rose,
Qui tenoient de ma part, ces ſoins à grand honneur.	Qui tenaient de ma part, ces soins à grand honneur.
Ce foible Papillon, cette fragile engeance,	Ce faible Papillon, cette fragile engeance,
Qui parmy nous s’oſe à peine enrôler,	Qui parmi nous s’ose à peine enrôler,
Sans redouter l’effet de ma vengeance	Sans redouter l’effet de ma vengeance
Sur mes traces ſemble voler.	Sur mes traces semble voler.
Si pour travailler à ma taſche,	Si pour travailler à ma tâche,
Je donne à mes deſirs, un moment de relaſche,	Je donne à mes désirs, un moment de relâche,
Ou vais ſuccer d’un fruit le naiſſant vermillon,	Ou vais sucer d’un fruit le naissant vermillon,
Quand ie viens reparer prés de ma Tubereuſe,	Quand je viens réparer près de ma Tubereuse,
Une abſence ſi douloureuſe ;	Une absence si douloureuse;
J’y retrouve touſiours l’aſſidu Papillon :	J’y retrouve toujours l’assidu Papillon:
Faut-il qu’un Freſlon de ma ſorte,	Faut-il qu’un Frelon de ma sorte,
Chery de Flore, envié des Zephirs,	Chéri de Flore, envié des Zéphyrs,
Souffre qu’un Papillon apporte	Souffre qu’un Papillon apporte
Un obſtacle ſecret à ſes tendres deſirs ?	Un obstacle secret à ses tendres désirs?
Qu’il oſe impunément luy diſputer la place,	Qu’il ose impunément lui disputer la place,
Exciter ſa colere, & ſes ſoupçons ialoux ?	Exciter sa colère, et ses soupçons jaloux?
Ay-je tord de vouloir reprimer cette audace ?	Ai-je tort de vouloir réprimer cette audace?
Grand Dieu, je m’en rapporte à vous.	Grand Dieu, je m’en rapporte à vous.
C’eſt, dit le Papillon, avoir mauvaiſe grace,	C’est, dit le Papillon, avoir mauvaise grâce,
Et faire à ce Dieu mal ſa Cour,	Et faire à ce Dieu mal sa Cour,
Que d’expoſer ſon travail & ſa Race,	Que d’exposer son travail et sa Race,
Quand il s’agit des faveurs de l’Amour.	Quand il s’agit des faveurs de l’Amour.
Moy Papillon, je ne me vente	Moi Papillon, je ne me vante
Ny d’anceſtres fameux, ny d’exploits importans ;	Ni d’ancêtres fameux, ni d’exploits importants;
Mais ma parure eſt éclatante,	Mais ma parure est éclatante,
Et j’en change tous les Printems.	Et j’en change tous les Printemps.
À la ſaison que les Roſes nouvelles	À la saison que les Roses nouvelles
Eſtalent à mes yeux leurs beautez naturelles,	Étalent à mes yeux leurs beautés naturelles,
Si je me trouve épris de leurs jeunes appas,	Si je me trouve épris de leurs jeunes appas,
Je ne prends point mon vol vers elles,	Je ne prends point mon vol vers elles,
Que l’éclat qui ſort de mes aîles	Que l’éclat qui sort de mes ailes
Ne m’ait devancé de cent pas.	Ne m’ait devancé de cent pas.
J’ay du brillant, de la jeuneſſe,	J’ai du brillant, de la jeunesse,
De l’enjoument, & de la propreté :	De l’enjouement, et de la propreté:
Je ſuis leger, je le confeſſe,	Je suis léger, je le confesse,
Mais je rends grace au Ciel de ma legereté,	Mais je rends grâce au Ciel de ma légèreté,
Lors que Papillonnant, de fleurette en fleurette,	Lorsque Papillonnant, de fleurette en fleurette,
Indifferemment ie muguette	Indifféremment je muguette
Tout ce qui paroiſt à mes yeux,	Tout ce qui parait à mes yeux,
Cette inconſtance eſt ſouvent une addreſſe	Cette inconstance est souvent une adresse
Pour inſpirer à la Fleur ma Maiſtreſſe	Pour inspirer à la Fleur ma Maitresse
Le deſir de m’arreſter mieux.	Le désir de m’arrêter mieux.
Si d’un illuſtre Sang ta vanité ſe louë,	Si d’un illustre Sang ta vanité se loue,
En humble Papillon j’avouë	En humble Papillon j’avoue
De ne meriter pas cét honneur comme toy ;	De ne mériter pas cet honneur comme toi;
Mais pour finir la diſpute amoureuſe,	Mais pour finir la dispute amoureuse,
Demandons à la Tubereuſe,	Demandons à la Tubereuse,
Lequel luy plaiſt le plus, du Freſlon, ou de moy.	Lequel lui plait le plus, du Frelon, ou de moi.
Malgré le royal Parentage,	Malgré le royal Parentage,
Le Papillon auroit eu l’avantage,	Le Papillon aurait eu l’avantage,
Si la Fleur euſt reglé ſon ſort :	Si la Fleur eût réglé son sort:
Il eſtoit jeune, il eſtoit agreable ;	Il était jeune, il était agréable;
Mais pendant que tous deux redoubloient leur effort,	Mais pendant que tous deux redoublaient leur effort,
Pour obtenir un Arreſt favorable,	Pour obtenir un Arrêt favorable,
Une Chenille impitoyable	Une Chenille impitoyable
Achevoit ſourdement de les mettre d’accord.	Achevait sourdement de les mettre d’accord.
Ainſi voit-on finir parmy les creatures,	Ainsi voit-on finir parmi les créatures,
Maintes & maintes avantures ;	Maintes et maintes aventures;
On entre en concurrence ; & de feux, & de ſoins	On entre en concurrence; et de feux, et de soins
On ſe diſpute, on ſe querelle,	On se dispute, on se querelle,
Pendant que le Rival qu’on redoute le moins,	Pendant que le Rival qu’on redoute le moins,
Triomphe en ſecret de la Belle ;	Triomphe en secret de la Belle;
Et laiſſant aux Muguets, le murmure & l’éclat,	Et laissant aux Muguets, le murmure et l’éclat,
S’enrichit du butin, ſans aller au combat.	S’enrichit du butin, sans aller au combat.
FABLE VI.	FABLE VI.
Le Chat, & le Grillon.	Le Chat, et le Grillon.
QVe l’homme ſe ſert mal de ſon raiſonnement !	Que l’homme se sert mal de son raisonnement!
Qu’injuſte fut la Loy ſuprême	Qu’injuste fut la Loi suprême
Qui ſoûmit l’Animal impitoyablement	Qui soumit l’Animal impitoyablement
A tel qui ne ſçait pas ſe gouverner luy-meſme,	À tel qui ne sait pas se gouverner lui-même,
Et que tout Animal inſtruit facilement.	Et que tout Animal instruit facilement.
Ainſi s’exhaloit en murmure,	Ainsi s’exhalait en murmure,
Certain Grillon ſeditieux,	Certain Grillon séditieux,
Qui bien-toſt euſt changé l’ordre de la Nature,	Qui bientôt eût changé l’ordre de la Nature,
Si Grillons décidoient dans le Conſeil des Dieux.	Si Grillons décidaient dans le Conseil des Dieux.
C’eſt bien à toy, mon cher, à faire le Critique,	C’est bien à toi, mon cher, à faire le Critique,
Interrompit un vieux Matou,	Interrompit un vieux Matou,
Qu’un peu de cendre chaude attiroit prés du trou	Qu’un peu de cendre chaude attirait près du trou
De noſtre Grillon Satirique.	De notre Grillon Satirique.
Encore ſi c’eſtoit quelque Chat comme moy,	Encore si c’était quelque Chat comme moi,
Qui blaſmât la ſuprême Loy,	Qui blâmât la suprême Loi,
Je luy pardonnerois de ſe donner carriere.	Je lui pardonnerais de se donner carrière.
Matou courant de nuict, de Goutiere, en Goutiere,	Matou courant de nuit, de Gouttière, en Gouttière,
Peut ſe formaliſer d’avoir l’homme pour Roy.	Peut se formaliser d’avoir l’homme pour Roi.
Il luy voit en ſecret, commettre tant de crimes,	Il lui voit en secret, commettre tant de crimes,
Suivre tant de folles maximes.	Suivre tant de folles maximes.
Icy fait le lutin, le frenetique Epoux,	Ici fait le lutin, le frénétique Époux,
Croyant que grilles & verroux	Croyant que grilles et verrous
Rendent une Epouſe fidelle,	Rendent une Épouse fidèle,
Pendant que le Galant qui luy tient en cervelle,	Pendant que le Galant qui lui tient en cervelle,
Doit aux ſeuls ſoupçons du jaloux,	Doit aux seuls soupçons du jaloux,
Toutes les faveurs de la Belle.	Toutes les faveurs de la Belle.
Là, garde le Mulet quelque credule Amant,	Là, garde le Mulet quelque crédule Amant,
Comptant pour un Siecle un moment,	Comptant pour un Siècle un moment,
Penſant que ſa Philis le compte à ſa maniere,	Pensant que sa Philis le compte à sa manière,
Et l’égale en deſirs comme en fidelité.	Et l’égale en désirs comme en fidélité.
Que s’il pouvoit en Chat paſſer par la Chattiere,	Que s’il pouvait en Chat passer par la Chatière,
Seroit bien-toſt guery de ſa credulité.	Serait bientôt guéri de sa crédulité.
Es-tu témoin des ſerenades,	Es-tu témoin des sérénades,
Et des nocturnes promenades,	Et des nocturnes promenades,
Où s’occupent ſouvent les plus ſages mondains ?	Où s’occupent souvent les plus sages mondains?
Paſſes-tu quelquesfois ſur les toits les plus ſaints,	Passes-tu quelquefois sur les toits les plus saints,
D’où lorgnant par un trou, le rusé Solitaire,	D’où lorgnant par un trou, le rusé Solitaire,
J’ay veu l’hypocriſie, à tel degré monter,	J’ai vu l’hypocrisie, à tel degré monter,
Que moy Matou, je n’oſe raconter,	Que moi Matou, je n’ose raconter,
Ce que tel qu’on croit Saint, n’a pas honte de faire.	Ce que tel qu’on croit Saint, n’a pas honte de faire.
Chacun ſçait ce qu’il ſçait, reprit d’un ton chagrin,	Chacun sait ce qu’il sait, reprit d’un ton chagrin,
Le Grillon mal content de ſon petit deſtin :	Le Grillon mal content de son petit destin:
Si tu vois le Bigot démentir ſa grimaſſe,	Si tu vois le Bigot démentir sa grimace,
Je voy peut-eſtre plus, ſans partir de ma place.	Je vois peut-être plus, sans partir de ma place.
J’entends ſouvent le Magiſtrat	J’entends souvent le Magistrat
De ſon Foyer prendre des Villes,	De son Foyer prendre des Villes,
Le Cavalier parler, de matieres civiles,	Le Cavalier parler, de matières civiles,
Et le Bourgeois, trancher du Potentat.	Et le Bourgeois, trancher du Potentat.
Tel qui ne peut trouver, de party pour ſa fille,	Tel qui ne peut trouver, de parti pour sa fille,
De tout le genre humain, fait le Chef de Famille,	De tout le genre humain, fait le Chef de Famille,
Et croit eſtre nommé de Dieu pour le pourvoir ;	Et croit être nommé de Dieu pour le pourvoir;
Il donne celuy-cy de puiſſance abſoluë,	Il donne celui-ci de puissance absolue,
A telle que peut-eſtre, il n’aura jamais veuë,	À telle que peut-être, il n’aura jamais vue,
Et qu’il ne devra jamais voir.	Et qu’il ne devra jamais voir.
Que diray-je de la licence	Que dirai-je de la licence
Que ſe donne leur médiſance ?	Que se donne leur médisance?
Eſt-il rien de ſacré pour ces Prophanes-là ;	Est-il rien de sacré pour ces Profanes-là;
Un de ces ſoirs j’entendois dire………………	Un de ces soirs j’entendais dire………………
A cét endroit de la Satyre,	À cet endroit de la satire,
Le Patron de caſe appella ;	Le Patron de case appela;
Sa voix pour nos cenſeurs, fut pis qu’un coup de foudre.	Sa voix pour nos censeurs, fut pis qu’un coup de foudre.
Matou ne fit qu’un ſaut, juſques au trou du Chat,	Matou ne fit qu’un saut, jusques au trou du Chat,
Et Grillon ſe croyant deſia reduit en poudre,	Et Grillon se croyant déjà réduit en poudre,
Rentra plus mort que vif dans ſon ſombre grabat.	Rentra plus mort que vif dans son sombre grabat.
FABLE VII.	FABLE VII.
L’Agneau, & ſes freres	L’Agneau, et ses frères
AVtresfois nâquit un Agneau,	Autrefois naquit un Agneau,
Plus digne d’eſtre un Louveteau,	Plus digne d’être un Louveteau,
Que d’avoir Moutonne origine.	Que d’avoir Moutonne origine.
Il crioit ſans ceſſe famine,	Il criait sans cesse famine,
A tous les Agneaux du troupeau.	À tous les Agneaux du troupeau.
Sa Mere, diſoit-il, eſtoit preſque tarie,	Sa Mère, disait-il, était presque tarie,
Il rempliſſoit d’un plaintif beêlement,	Il remplissait d’un plaintif bêlement,
Pâturages, & Bergerie,	Pâturages, et Bergerie,
Et voyez la friponnerie !	Et voyez la friponnerie!
Sa Mere avoit du laict, plus que ſuffiſamment ;	Sa Mère avait du lait, plus que suffisamment;
Mais outre qu’il eſtoit d’un naturel gourmand,	Mais outre qu’il était d’un naturel gourmand,
Il s’eſtoit apperceu que Bergers & Bergeres,	Il s’était aperçu que Bergers et Bergères,
De Beſtail bien nourry font touſiours plus de cas,	De Bétail bien nourri font toujours plus de cas,
Que de Beſtail qui ne profite pas.	Que de Bétail qui ne profite pas.
Le voila donc gueuſant du laict, à tous ſes freres.	Le voilà donc gueusant du lait, à tous ses frères.
Hé ! leur diſoit-il, par pitié	Hé! leur disait-il, par pitié
Souffrez que ie tette vos Meres,	Souffrez que je tète vos Mères,
Elles ont trop de laict pour vous de la moitié :	Elles ont trop de lait pour vous de la moitié:
Et moy pauvre Agnelet, natif de meſme Eſtable,	Et moi pauvre Agnelet, natif de même Étable,
Qui nuict & jour, tire la mienne en vain,	Qui nuit et jour, tire la mienne en vain,
Je ſerois deſia mort de faim,	Je serais déjà mort de faim,
Si ie n’avois trouvé quelqu’Agneau ſecourable.	Si je n’avais trouvé quelqu’Agneau secourable.
Jamais la feinte, avant ce jour,	Jamais la feinte, avant ce jour,
Chez les ſimples Agneaux, ne fut miſe en pratique,	Chez les simples Agneaux, ne fut mise en pratique,
Ceux-cy croyant aux dits, du rusé famelique,	Ceux-ci croyant aux dits, du rusé famélique,
Luy cedoient bonnement, leur place tour à tour.	Lui cédaient bonnement, leur place tour à tour.
Il profite à gogo de cette complaiſance,	Il profite à gogo de cette complaisance,
Il croiſt, il devient graſſelet,	Il croît, il devient grasselet,
Au lieu que les Agneaux, qu’il tenoit au filet,	Au lieu que les Agneaux, qu’il tenait au filet,
Jeûnant de son trop d’abondance,	Jeûnant de son trop d’abondance,
Auprés de luy ne ſembloient qu’avortons.	Auprès de lui ne semblaient qu’avortons.
Arrive un Marchand de Moutons.	Arrive un Marchand de Moutons.
On luy fait voir la Peuplade nouvelle,	On lui fait voir la Peuplade nouvelle,
A peine il jette l’œil ſur elle,	À peine il jette l’œil sur elle,
Qu’il croit que les Sorciers, ont maudit le Troupeau ;	Qu’il croit que les Sorciers, ont maudit le Troupeau;
Où mene-t’on, dit-il, ces pauvres Brebis paiſtre ?	Où mène-t’on, dit-il, ces pauvres Brebis paitre?
Leurs petits n’ont que les os & la peau.	Leurs petits n’ont que les os et la peau.
Gardez-les pour peupler, Monſieur, dit-il au Maiſtre,	Gardez-les pour peupler, Monsieur, dit-il au Maitre,
Car de les vendre en cét eſtat,	Car de les vendre en cet état,
Vous n’en tirerez pas ſeulement une obole.	Vous n’en tirerez pas seulement une obole.
En prononçant cette parole	En prononçant cette parole
Il mit la main ſur noſtre Scelerat.	Il mit la main sur notre Scélérat.
Ho, ho, dit-il, je taſte un drôle,	Ho, ho, dit-il, je tâte un drôle,
Qui s’eſt ſauvé du Magique attentat,	Qui s’est sauvé du Magique attentat,
Il l’achepte, on luy livre, il fait le meilleur Plat,	Il l’achète, on lui livre, il fait le meilleur Plat,
De la prochaine Hoſtellerie,	De la prochaine Hôtellerie,
Pendant que les Agneaux, qu’il a mis aux abois,	Pendant que les Agneaux, qu’il a mis aux abois,
Bondiſſent ſur l’herbe fleurie,	Bondissent sur l’herbe fleurie,
Ou ruminent en paix à l’ombrage des bois.	Ou ruminent en paix à l’ombrage des bois.
Ie n’expliqueray point ma Fable.	Je n’expliquerai point ma Fable.
Tout convoiteux du bien d’autruy,	Tout convoiteux du bien d’autrui,
Tout Paraſite inſatiable,	Tout Parasite insatiable,
Bref tout humain, du ſiecle d’aujourd’huy,	Bref tout humain, du siècle d’aujourd’hui,
Qui d’eſtre mon Agneau, ſe ſentira capable,	Qui d’être mon Agneau, se sentira capable,
Sçaura bien que je parle à luy.	Saura bien que je parle à lui.
FABLE VIII.	FABLE VIII.
L’Yrondelle, & l’Oyſeau de Paradis.	L’Hirondelle, et l’Oiseau de Paradis.
L’Yrondelle, craignant, le froid de nos quartiers,	L’Hirondelle, craignant, le froid de nos quartiers,
S’en alloit faire un tour, juſqu’aupres de Carthage.	S’en allait faire un tour, jusqu’auprès de Carthage.
L’Oyſeau de Paradis, ſe trouve à ſon paſſage,	L’Oiseau de Paradis, se trouve à son passage,
Voyageurs, comme on ſçait, couſinent volontiers.	Voyageurs, comme on sait, cousinent volontiers.
Les voila donc jaſant, d’un climat, & d’un autre,	Les voilà donc jasant, d’un climat, et d’un autre,
L’Yrondelle ventoit, les raretez du nôtre,	L’Hirondelle vantait, les raretés du nôtre,
Et l’Oyſeau, les beautez du ſien :	Et l’Oiseau, les beautés du sien:
Elle prit gouſt à l’entretien.	Elle prit gout à l’entretien.
Elle ſe connoiſſoit, pour n’eſtre qu’Yrondelle,	Elle se connaissait, pour n’être qu’Hirondelle,
Et ſçavoit que l’oyſeau, n’eſt pas oyſeau pour elle ;	Et savait que l’oiseau, n’est pas oiseau pour elle;
Mais contre ce qui plaiſt, on ne prend loy de rien.	Mais contre ce qui plait, on ne prend loi de rien.
L’Oyſeau de Paradis eſt charmant au poſſible,	L’Oiseau de Paradis est charmant au possible,
Et noſtre voyageuſe, a le cœur ſuſceptible.	Et notre voyageuse, a le cœur susceptible.
Elle niche ſouvent, en tel Palais de Cour,	Elle niche souvent, en tel Palais de Cour,
Où l’on n’habite point, ſans connoiſtre l’amour :	Où l’on n’habite point, sans connaitre l’amour:
Elle admire, tantoſt, le bec, & le ramage,	Elle admire, tantôt, le bec, et le ramage,
D’autresfois, le rare plumage,	D’autrefois, le rare plumage,
De l’hoſte à ſes yeux ſi charmant ;	De l’hôte à ses yeux si charmant;
Et ſans conſiderer, dans ſon emportement,	Et sans considérer, dans son emportement,
Que le celeſte Oyseau, n’habite que la nuë	Que le céleste Oiseau, n’habite que la nue
Et qu’il vit, de l’air ſeulement,	Et qu’il vit, de l’air seulement,
La voilà d’abord reſoluë,	La voilà d’abord résolue,
A ne le perdre plus de veuë.	À ne le perdre plus de vue.
Cependant la faim la preſſoit,	Cependant la faim la pressait,
Dame Nature patiſſoit,	Dame Nature pâtissait,
Et l’on ſçait que cette Commere,	Et l’on sait que cette Commère,
Ne ſe repaiſt point de chimere.	Ne se repait point de chimère.
Tant d’amour qu’on voudra, tant de charmans appas,	Tant d’amour qu’on voudra, tant de charmants appas,
Il faut toûjours manger, & boire,	Il faut toujours manger, et boire,
Et c’eſt un incident, neceſſaire à l’hiſtoire,	Et c’est un incident, nécessaire à l’histoire,
Que de prendre un leger repas.	Que de prendre un léger repas.
Faut-il ſe revolter, contre Dame Nature ?	Faut-il se révolter, contre Dame Nature?
Ou faut-il ſe rendre à ſes coups,	Ou faut-il se rendre à ses coups,
Jeunes Amans, ma Fable parle à vous.	Jeunes Amants, ma Fable parle à vous.
Quelle que ſoit l’ardeur qui vous tranſporte	Quelle que soit l’ardeur qui vous transporte
Sur un peu de prudence, appuyez voſtre amour,	Sur un peu de prudence, appuyez votre amour,
Les plaiſirs les plus grands, ſont ſujets au retour,	Les plaisirs les plus grands, sont sujets au retour,
Et la neceſſité demeure la plus forte.	Et la nécessité demeure la plus forte.
